origin,destination,Year,Month,monthlyTransferMWh
AEC,MISO,2018,1,119447
AEC,MISO,2018,2,67662
AEC,MISO,2018,3,41530
AEC,MISO,2018,4,30003
AEC,MISO,2018,5,50136
AEC,MISO,2018,6,85506
AEC,MISO,2018,7,93000
AEC,MISO,2018,8,101198
AEC,MISO,2018,9,54991
AEC,MISO,2018,10,66543
AEC,MISO,2018,11,50609
AEC,MISO,2018,12,112475
AEC,SOCO,2018,1,143134
AEC,SOCO,2018,2,6075
AEC,SOCO,2018,3,17717
AEC,SOCO,2018,4,36647
AEC,SOCO,2018,5,27464
AEC,SOCO,2018,6,57804
AEC,SOCO,2018,7,145301
AEC,SOCO,2018,8,141455
AEC,SOCO,2018,9,53586
AEC,SOCO,2018,10,61488
AEC,SOCO,2018,11,30557
AEC,SOCO,2018,12,22146
AECI,MISO,2018,1,370094
AECI,MISO,2018,2,560525
AECI,MISO,2018,3,343994
AECI,MISO,2018,4,642168
AECI,MISO,2018,5,683109
AECI,MISO,2018,6,400450
AECI,MISO,2018,7,173957
AECI,MISO,2018,8,318698
AECI,MISO,2018,9,274165
AECI,MISO,2018,10,422070
AECI,MISO,2018,11,280984
AECI,MISO,2018,12,403121
AECI,SPA,2018,1,16692
AECI,SPA,2018,2,2557
AECI,SPA,2018,3,3264
AECI,SPA,2018,4,12745
AECI,SPA,2018,5,5240
AECI,SPA,2018,6,1976
AECI,SPA,2018,7,1559
AECI,SPA,2018,8,10083
AECI,SPA,2018,9,5487
AECI,SPA,2018,10,8375
AECI,SPA,2018,11,6375
AECI,SPA,2018,12,1860
AECI,SWPP,2018,1,14081
AECI,SWPP,2018,2,77721
AECI,SWPP,2018,3,45327
AECI,SWPP,2018,4,46348
AECI,SWPP,2018,5,136929
AECI,SWPP,2018,6,131281
AECI,SWPP,2018,7,130550
AECI,SWPP,2018,8,121881
AECI,SWPP,2018,9,27593
AECI,SWPP,2018,10,249449
AECI,SWPP,2018,11,101190
AECI,SWPP,2018,12,18014
AECI,TVA,2018,1,250687
AECI,TVA,2018,2,182830
AECI,TVA,2018,3,223861
AECI,TVA,2018,4,188713
AECI,TVA,2018,5,150576
AECI,TVA,2018,6,186258
AECI,TVA,2018,7,154392
AECI,TVA,2018,8,170818
AECI,TVA,2018,9,161332
AECI,TVA,2018,10,113929
AECI,TVA,2018,11,210979
AECI,TVA,2018,12,204973
AESO,NWMT,2018,1,3234
AESO,NWMT,2018,2,1076
AESO,NWMT,2018,3,8
AESO,NWMT,2018,5,26
AESO,NWMT,2018,6,112
AESO,NWMT,2018,7,14175
AESO,NWMT,2018,8,13235
AESO,NWMT,2018,9,4971
AESO,NWMT,2018,10,1777
AESO,NWMT,2018,11,1514
AESO,NWMT,2018,12,5762
AVA,BPAT,2018,3,34
AVA,BPAT,2018,4,767
AVA,CHPD,2018,3,289
AVA,CHPD,2018,4,3601
AVA,CHPD,2018,5,22
AVA,CHPD,2018,7,418
AVA,CHPD,2018,8,1575
AVA,CHPD,2018,9,2009
AVA,CHPD,2018,10,907
AVA,CHPD,2018,11,2
AVA,GCPD,2018,1,243
AVA,GCPD,2018,2,455
AVA,GCPD,2018,3,6576
AVA,GCPD,2018,4,25882
AVA,GCPD,2018,5,19737
AVA,GCPD,2018,6,17486
AVA,GCPD,2018,7,20101
AVA,GCPD,2018,8,14886
AVA,GCPD,2018,9,2882
AVA,GCPD,2018,10,5533
AVA,GCPD,2018,11,2730
AVA,GCPD,2018,12,2633
AVA,IPCO,2018,1,57147
AVA,IPCO,2018,2,83056
AVA,IPCO,2018,3,66564
AVA,IPCO,2018,4,51734
AVA,IPCO,2018,5,142011
AVA,IPCO,2018,6,151760
AVA,IPCO,2018,7,146089
AVA,IPCO,2018,8,89720
AVA,IPCO,2018,9,36617
AVA,IPCO,2018,10,23300
AVA,IPCO,2018,11,20253
AVA,IPCO,2018,12,10920
AVA,NWMT,2018,1,409
AVA,NWMT,2018,2,4407
AVA,NWMT,2018,3,256
AVA,NWMT,2018,4,9540
AVA,NWMT,2018,5,26584
AVA,NWMT,2018,6,15263
AVA,NWMT,2018,7,13415
AVA,NWMT,2018,8,2927
AVA,NWMT,2018,9,4
AVA,NWMT,2018,10,20
AVA,NWMT,2018,12,88
AVA,PACW,2018,1,12590
AVA,PACW,2018,2,13662
AVA,PACW,2018,3,22239
AVA,PACW,2018,4,16777
AVA,PACW,2018,5,51379
AVA,PACW,2018,6,53301
AVA,PACW,2018,7,46901
AVA,PACW,2018,8,28902
AVA,PACW,2018,9,18061
AVA,PACW,2018,10,29054
AVA,PACW,2018,11,17097
AVA,PACW,2018,12,13709
AVRN,BPAT,2018,7,6889
AVRN,BPAT,2018,8,202794
AVRN,BPAT,2018,9,5461
AVRN,BPAT,2018,10,533828
AVRN,BPAT,2018,11,347966
AVRN,BPAT,2018,12,568480
AZPS,CISO,2018,1,454476
AZPS,CISO,2018,2,594676
AZPS,CISO,2018,3,798295
AZPS,CISO,2018,4,578546
AZPS,CISO,2018,5,537569
AZPS,CISO,2018,6,591457
AZPS,CISO,2018,7,987926
AZPS,CISO,2018,8,1056676
AZPS,CISO,2018,9,933896
AZPS,CISO,2018,10,1018832
AZPS,CISO,2018,11,930876
AZPS,CISO,2018,12,1006784
AZPS,GRMA,2018,1,138
AZPS,GRMA,2018,2,25
AZPS,GRMA,2018,4,796
AZPS,IID,2018,1,484
AZPS,IID,2018,2,628
AZPS,IID,2018,3,3834
AZPS,IID,2018,4,1075
AZPS,IID,2018,5,3009
AZPS,IID,2018,6,475
AZPS,IID,2018,7,6754
AZPS,IID,2018,8,2956
AZPS,IID,2018,9,1987
AZPS,IID,2018,10,6653
AZPS,IID,2018,11,2802
AZPS,IID,2018,12,7577
AZPS,LDWP,2018,1,629602
AZPS,LDWP,2018,2,503545
AZPS,LDWP,2018,3,537872
AZPS,LDWP,2018,4,395149
AZPS,LDWP,2018,5,358172
AZPS,LDWP,2018,6,427835
AZPS,LDWP,2018,7,636446
AZPS,LDWP,2018,8,622418
AZPS,LDWP,2018,9,591325
AZPS,LDWP,2018,10,601775
AZPS,LDWP,2018,11,637195
AZPS,LDWP,2018,12,588470
AZPS,PACE,2018,1,352
AZPS,PACE,2018,2,6950
AZPS,PACE,2018,3,19230
AZPS,PACE,2018,4,18046
AZPS,PACE,2018,5,4474
AZPS,PACE,2018,6,682
AZPS,PACE,2018,7,3209
AZPS,PACE,2018,9,21
AZPS,PACE,2018,10,23
AZPS,PACE,2018,11,4905
AZPS,PACE,2018,12,2846
AZPS,PNM,2018,1,131086
AZPS,PNM,2018,2,29237
AZPS,PNM,2018,3,53696
AZPS,PNM,2018,4,65627
AZPS,PNM,2018,5,210765
AZPS,PNM,2018,6,286759
AZPS,PNM,2018,7,304400
AZPS,PNM,2018,8,190308
AZPS,PNM,2018,9,197011
AZPS,PNM,2018,10,150339
AZPS,PNM,2018,11,116870
AZPS,PNM,2018,12,99050
AZPS,SRP,2018,1,827876
AZPS,SRP,2018,2,421051
AZPS,SRP,2018,3,590111
AZPS,SRP,2018,4,122644
AZPS,SRP,2018,5,139670
AZPS,SRP,2018,6,158292
AZPS,SRP,2018,7,8569
AZPS,SRP,2018,8,23674
AZPS,SRP,2018,9,3964
AZPS,SRP,2018,10,6577
AZPS,SRP,2018,11,6334
AZPS,SRP,2018,12,22475
AZPS,TEPC,2018,1,414986
AZPS,TEPC,2018,2,381947
AZPS,TEPC,2018,3,412846
AZPS,TEPC,2018,4,469801
AZPS,TEPC,2018,5,409184
AZPS,TEPC,2018,6,572946
AZPS,TEPC,2018,7,585475
AZPS,TEPC,2018,8,703890
AZPS,TEPC,2018,9,512636
AZPS,TEPC,2018,10,421898
AZPS,TEPC,2018,11,470410
AZPS,TEPC,2018,12,527766
AZPS,WACM,2018,1,483
AZPS,WACM,2018,2,714
AZPS,WACM,2018,3,6608
AZPS,WACM,2018,4,2821
AZPS,WACM,2018,5,29256
AZPS,WACM,2018,6,59288
AZPS,WACM,2018,7,19736
AZPS,WACM,2018,8,13
AZPS,WACM,2018,9,7079
AZPS,WACM,2018,10,40652
AZPS,WACM,2018,11,1640
AZPS,WALC,2018,1,785340
AZPS,WALC,2018,2,530444
AZPS,WALC,2018,3,556706
AZPS,WALC,2018,4,431070
AZPS,WALC,2018,5,632643
AZPS,WALC,2018,6,532529
AZPS,WALC,2018,7,603302
AZPS,WALC,2018,8,683271
AZPS,WALC,2018,9,808935
AZPS,WALC,2018,10,710818
AZPS,WALC,2018,11,718557
AZPS,WALC,2018,12,1113624
BANC,BPAT,2018,3,32
BANC,BPAT,2018,4,99
BANC,BPAT,2018,11,4647
BANC,BPAT,2018,12,5829
BANC,CISO,2018,1,813397
BANC,CISO,2018,2,844999
BANC,CISO,2018,3,650825
BANC,CISO,2018,4,469675
BANC,CISO,2018,5,1017395
BANC,CISO,2018,6,1053362
BANC,CISO,2018,7,535130
BANC,CISO,2018,8,646530
BANC,CISO,2018,9,555392
BANC,CISO,2018,10,85461
BANC,CISO,2018,11,272086
BANC,CISO,2018,12,346527
BANC,TIDC,2018,1,106405
BANC,TIDC,2018,2,48477
BANC,TIDC,2018,3,61567
BANC,TIDC,2018,4,42049
BANC,TIDC,2018,5,49133
BANC,TIDC,2018,6,48716
BANC,TIDC,2018,7,103812
BANC,TIDC,2018,8,132002
BANC,TIDC,2018,9,46564
BANC,TIDC,2018,10,3650
BANC,TIDC,2018,11,9447
BANC,TIDC,2018,12,8974
BCHA,BPAT,2018,1,236978
BCHA,BPAT,2018,2,133385
BCHA,BPAT,2018,3,104646
BCHA,BPAT,2018,4,30714
BCHA,BPAT,2018,5,165408
BCHA,BPAT,2018,6,173135
BCHA,BPAT,2018,7,746909
BCHA,BPAT,2018,8,718773
BCHA,BPAT,2018,9,183955
BCHA,BPAT,2018,10,356587
BCHA,BPAT,2018,11,68373
BCHA,BPAT,2018,12,235440
BPAT,AVA,2018,1,1112287
BPAT,AVA,2018,2,1040219
BPAT,AVA,2018,3,927324
BPAT,AVA,2018,4,477174
BPAT,AVA,2018,5,761226
BPAT,AVA,2018,6,711252
BPAT,AVA,2018,7,1185969
BPAT,AVA,2018,8,1383605
BPAT,AVA,2018,9,981376
BPAT,AVA,2018,10,770215
BPAT,AVA,2018,11,918093
BPAT,AVA,2018,12,1081233
BPAT,AVRN,2018,7,1
BPAT,AVRN,2018,8,1350
BPAT,AVRN,2018,9,818
BPAT,AVRN,2018,10,1935
BPAT,AVRN,2018,11,2453
BPAT,AVRN,2018,12,2286
BPAT,BANC,2018,1,994291
BPAT,BANC,2018,2,841996
BPAT,BANC,2018,3,868084
BPAT,BANC,2018,4,638124
BPAT,BANC,2018,5,892672
BPAT,BANC,2018,6,929923
BPAT,BANC,2018,7,852895
BPAT,BANC,2018,8,714153
BPAT,BANC,2018,9,721383
BPAT,BANC,2018,10,15794
BPAT,BANC,2018,11,443338
BPAT,BANC,2018,12,437231
BPAT,BCHA,2018,1,300874
BPAT,BCHA,2018,2,532115
BPAT,BCHA,2018,3,408334
BPAT,BCHA,2018,4,763217
BPAT,BCHA,2018,5,292471
BPAT,BCHA,2018,6,266484
BPAT,BCHA,2018,7,22854
BPAT,BCHA,2018,8,116144
BPAT,BCHA,2018,9,268040
BPAT,BCHA,2018,10,187937
BPAT,BCHA,2018,11,607318
BPAT,BCHA,2018,12,341117
BPAT,CHPD,2018,10,730
BPAT,CHPD,2018,11,78
BPAT,CHPD,2018,12,451
BPAT,CISO,2018,1,1608834
BPAT,CISO,2018,2,1485417
BPAT,CISO,2018,3,1374611
BPAT,CISO,2018,4,1207630
BPAT,CISO,2018,5,1522812
BPAT,CISO,2018,6,1736375
BPAT,CISO,2018,7,1582854
BPAT,CISO,2018,8,1306231
BPAT,CISO,2018,9,1127575
BPAT,CISO,2018,10,882401
BPAT,CISO,2018,11,748423
BPAT,CISO,2018,12,724845
BPAT,DOPD,2018,1,131
BPAT,DOPD,2018,7,106
BPAT,DOPD,2018,8,2586
BPAT,DOPD,2018,9,26023
BPAT,DOPD,2018,10,40762
BPAT,DOPD,2018,11,206
BPAT,DOPD,2018,12,23480
BPAT,GCPD,2018,1,1716
BPAT,GCPD,2018,7,10379
BPAT,GCPD,2018,8,54513
BPAT,GCPD,2018,9,51593
BPAT,GCPD,2018,10,48837
BPAT,GCPD,2018,11,7289
BPAT,GCPD,2018,12,4180
BPAT,GRID,2018,1,3421
BPAT,GRID,2018,2,3380
BPAT,GRID,2018,3,3468
BPAT,GRID,2018,4,4220
BPAT,GRID,2018,5,3791
BPAT,GRID,2018,6,3774
BPAT,GRID,2018,7,3297
BPAT,GRID,2018,8,3164
BPAT,GRID,2018,9,4952
BPAT,GRID,2018,10,1983
BPAT,GRID,2018,11,2382
BPAT,GRID,2018,12,245
BPAT,IPCO,2018,1,7565
BPAT,IPCO,2018,2,20852
BPAT,IPCO,2018,3,8950
BPAT,IPCO,2018,4,5523
BPAT,IPCO,2018,5,32496
BPAT,IPCO,2018,6,42365
BPAT,IPCO,2018,7,49943
BPAT,IPCO,2018,8,20206
BPAT,IPCO,2018,9,6024
BPAT,IPCO,2018,10,3961
BPAT,IPCO,2018,11,6387
BPAT,IPCO,2018,12,1011
BPAT,LDWP,2018,1,1626462
BPAT,LDWP,2018,2,1383336
BPAT,LDWP,2018,3,1453958
BPAT,LDWP,2018,4,1382224
BPAT,LDWP,2018,5,1735074
BPAT,LDWP,2018,6,1632596
BPAT,LDWP,2018,7,1524409
BPAT,LDWP,2018,8,1484529
BPAT,LDWP,2018,9,1118021
BPAT,LDWP,2018,10,360121
BPAT,LDWP,2018,11,163957
BPAT,LDWP,2018,12,450985
BPAT,NEVP,2018,1,78553
BPAT,NEVP,2018,2,71094
BPAT,NEVP,2018,3,85330
BPAT,NEVP,2018,4,95024
BPAT,NEVP,2018,5,84154
BPAT,NEVP,2018,6,61576
BPAT,NEVP,2018,7,57396
BPAT,NEVP,2018,8,25658
BPAT,NEVP,2018,9,19703
BPAT,NEVP,2018,10,22204
BPAT,NEVP,2018,11,28166
BPAT,NEVP,2018,12,28041
BPAT,NWMT,2018,2,21068
BPAT,NWMT,2018,3,103
BPAT,NWMT,2018,4,30619
BPAT,NWMT,2018,5,111277
BPAT,NWMT,2018,6,72009
BPAT,NWMT,2018,7,72524
BPAT,NWMT,2018,8,12300
BPAT,NWMT,2018,12,562
BPAT,PACW,2018,1,1579207
BPAT,PACW,2018,2,1824055
BPAT,PACW,2018,3,1974419
BPAT,PACW,2018,4,1301440
BPAT,PACW,2018,5,2004945
BPAT,PACW,2018,6,2050625
BPAT,PACW,2018,7,2495345
BPAT,PACW,2018,8,2074868
BPAT,PACW,2018,9,1579850
BPAT,PACW,2018,10,1560455
BPAT,PACW,2018,11,1673470
BPAT,PACW,2018,12,1600454
BPAT,PGE,2018,1,2272862
BPAT,PGE,2018,2,2171085
BPAT,PGE,2018,3,1966632
BPAT,PGE,2018,4,1992949
BPAT,PGE,2018,5,2257183
BPAT,PGE,2018,6,2026300
BPAT,PGE,2018,7,2174770
BPAT,PGE,2018,8,1996473
BPAT,PGE,2018,9,1111513
BPAT,PGE,2018,10,2261019
BPAT,PGE,2018,11,2494509
BPAT,PGE,2018,12,2283769
BPAT,PSEI,2018,1,3676942
BPAT,PSEI,2018,2,3269867
BPAT,PSEI,2018,3,3325325
BPAT,PSEI,2018,4,2623596
BPAT,PSEI,2018,5,2307774
BPAT,PSEI,2018,6,2625132
BPAT,PSEI,2018,7,1267117
BPAT,PSEI,2018,8,1263391
BPAT,PSEI,2018,9,1184968
BPAT,PSEI,2018,10,1538945
BPAT,PSEI,2018,11,1733054
BPAT,PSEI,2018,12,3109052
BPAT,SCL,2018,1,1076229
BPAT,SCL,2018,2,871776
BPAT,SCL,2018,3,874950
BPAT,SCL,2018,4,882955
BPAT,SCL,2018,5,635825
BPAT,SCL,2018,6,503209
BPAT,SCL,2018,7,788791
BPAT,SCL,2018,8,1035621
BPAT,SCL,2018,9,834671
BPAT,SCL,2018,10,713748
BPAT,SCL,2018,11,858189
BPAT,SCL,2018,12,1135262
BPAT,TPWR,2018,1,334486
BPAT,TPWR,2018,2,333941
BPAT,TPWR,2018,3,630272
BPAT,TPWR,2018,4,547847
BPAT,TPWR,2018,5,319050
BPAT,TPWR,2018,6,382954
BPAT,TPWR,2018,7,561371
BPAT,TPWR,2018,8,582161
BPAT,TPWR,2018,9,513656
BPAT,TPWR,2018,10,563575
BPAT,TPWR,2018,11,679394
BPAT,TPWR,2018,12,545337
CEN,CISO,2018,7,1377
CEN,CISO,2018,8,2
CEN,CISO,2018,9,69
CEN,CISO,2018,10,3743
CEN,CISO,2018,11,24267
CEN,CISO,2018,12,68526
CEN,ERCO,2018,1,16999
CEN,ERCO,2018,2,276
CEN,ERCO,2018,3,203
CEN,ERCO,2018,5,1091
CEN,ERCO,2018,6,8
CEN,ERCO,2018,7,2733
CEN,ERCO,2018,9,1800
CEN,ERCO,2018,10,463
CEN,ERCO,2018,11,5919
CEN,ERCO,2018,12,3764
CFE,CISO,2018,1,14719
CFE,CISO,2018,2,11127
CFE,CISO,2018,3,8352
CFE,CISO,2018,4,7924
CFE,CISO,2018,5,2022
CFE,CISO,2018,6,424
CHPD,AVA,2018,1,13667
CHPD,AVA,2018,2,13015
CHPD,AVA,2018,3,8426
CHPD,AVA,2018,4,2288
CHPD,AVA,2018,5,9121
CHPD,AVA,2018,6,12818
CHPD,AVA,2018,7,6568
CHPD,AVA,2018,8,2637
CHPD,AVA,2018,9,697
CHPD,AVA,2018,10,5456
CHPD,AVA,2018,11,12449
CHPD,AVA,2018,12,10927
CHPD,BPAT,2018,1,525770
CHPD,BPAT,2018,2,509705
CHPD,BPAT,2018,3,495399
CHPD,BPAT,2018,4,634980
CHPD,BPAT,2018,5,933134
CHPD,BPAT,2018,6,1118305
CHPD,BPAT,2018,7,1013078
CHPD,BPAT,2018,8,822168
CHPD,BPAT,2018,9,503497
CHPD,BPAT,2018,10,396102
CHPD,BPAT,2018,11,374388
CHPD,BPAT,2018,12,349624
CHPD,DOPD,2018,1,46943
CHPD,DOPD,2018,2,77343
CHPD,DOPD,2018,3,49606
CHPD,DOPD,2018,4,74170
CHPD,DOPD,2018,5,48763
CHPD,DOPD,2018,6,69135
CHPD,DOPD,2018,7,50579
CHPD,DOPD,2018,8,25697
CHPD,DOPD,2018,9,7140
CHPD,DOPD,2018,10,5763
CHPD,DOPD,2018,11,8050
CHPD,DOPD,2018,12,22478
CHPD,PSEI,2018,1,165881
CHPD,PSEI,2018,2,174004
CHPD,PSEI,2018,3,178541
CHPD,PSEI,2018,4,179667
CHPD,PSEI,2018,5,163719
CHPD,PSEI,2018,6,146341
CHPD,PSEI,2018,7,110047
CHPD,PSEI,2018,8,101475
CHPD,PSEI,2018,9,89221
CHPD,PSEI,2018,10,116072
CHPD,PSEI,2018,11,138567
CHPD,PSEI,2018,12,135672
CISO,BANC,2018,1,250
CISO,BANC,2018,2,8761
CISO,BANC,2018,3,3603
CISO,BANC,2018,4,26436
CISO,BANC,2018,5,444
CISO,BANC,2018,7,29459
CISO,BANC,2018,8,7365
CISO,BANC,2018,9,718
CISO,BANC,2018,10,187872
CISO,BANC,2018,11,100425
CISO,BANC,2018,12,16912
CISO,BPAT,2018,4,1700
CISO,BPAT,2018,10,1487
CISO,BPAT,2018,11,1578
CISO,BPAT,2018,12,5040
CISO,CEN,2018,7,113592
CISO,CEN,2018,8,169970
CISO,CEN,2018,9,66483
CISO,CEN,2018,10,25940
CISO,CEN,2018,11,7196
CISO,CEN,2018,12,2898
CISO,CFE,2018,1,6732
CISO,CFE,2018,2,13284
CISO,CFE,2018,3,5676
CISO,CFE,2018,4,7250
CISO,CFE,2018,5,23079
CISO,CFE,2018,6,37289
CISO,CFE,2018,7,331
CISO,IID,2018,1,1002
CISO,IID,2018,2,543
CISO,IID,2018,3,627
CISO,IID,2018,4,74
CISO,IID,2018,5,3411
CISO,IID,2018,6,2465
CISO,IID,2018,7,37005
CISO,IID,2018,8,32789
CISO,IID,2018,9,25690
CISO,IID,2018,10,92
CISO,LDWP,2018,3,2104
CISO,LDWP,2018,4,6647
CISO,LDWP,2018,5,240
CISO,LDWP,2018,6,1026
CISO,NEVP,2018,1,10521
CISO,NEVP,2018,2,36413
CISO,NEVP,2018,3,79339
CISO,NEVP,2018,4,80352
CISO,NEVP,2018,5,87769
CISO,NEVP,2018,6,121060
CISO,NEVP,2018,7,155915
CISO,NEVP,2018,8,151606
CISO,NEVP,2018,9,93197
CISO,NEVP,2018,10,29389
CISO,NEVP,2018,11,78664
CISO,NEVP,2018,12,60248
CISO,PACW,2018,2,20
CISO,PACW,2018,3,18
CISO,PACW,2018,4,21
CISO,PACW,2018,5,43
CISO,PACW,2018,7,270
CISO,PACW,2018,8,325
CISO,PACW,2018,9,10
CISO,PACW,2018,10,16
CISO,PACW,2018,11,6
CISO,SRP,2018,3,2024
CISO,SRP,2018,4,37332
CISO,SRP,2018,5,109233
CISO,SRP,2018,6,92957
CISO,TIDC,2018,1,57230
CISO,TIDC,2018,2,95084
CISO,TIDC,2018,3,78925
CISO,TIDC,2018,4,107154
CISO,TIDC,2018,5,135884
CISO,TIDC,2018,6,124899
CISO,TIDC,2018,7,50878
CISO,TIDC,2018,8,40528
CISO,TIDC,2018,9,101855
CISO,TIDC,2018,10,178835
CISO,TIDC,2018,11,192715
CISO,TIDC,2018,12,121656
CISO,WALC,2018,1,13242
CISO,WALC,2018,2,15186
CISO,WALC,2018,3,23660
CISO,WALC,2018,4,6643
CISO,WALC,2018,5,9632
CISO,WALC,2018,6,6704
CISO,WALC,2018,7,13835
CISO,WALC,2018,8,13372
CISO,WALC,2018,9,5650
CISO,WALC,2018,10,2375
CISO,WALC,2018,11,4074
CISO,WALC,2018,12,3927
CPLE,DUK,2018,1,79885
CPLE,DUK,2018,2,217877
CPLE,DUK,2018,3,25607
CPLE,DUK,2018,4,27232
CPLE,DUK,2018,5,25188
CPLE,DUK,2018,6,43248
CPLE,DUK,2018,7,67957
CPLE,DUK,2018,8,38274
CPLE,DUK,2018,9,64087
CPLE,DUK,2018,10,130966
CPLE,DUK,2018,11,95397
CPLE,DUK,2018,12,319114
CPLE,PJM,2018,1,568097
CPLE,PJM,2018,2,461720
CPLE,PJM,2018,3,649318
CPLE,PJM,2018,4,424063
CPLE,PJM,2018,5,234129
CPLE,PJM,2018,6,215760
CPLE,PJM,2018,7,349761
CPLE,PJM,2018,8,430398
CPLE,PJM,2018,9,443918
CPLE,PJM,2018,10,330597
CPLE,PJM,2018,11,451700
CPLE,PJM,2018,12,298820
CPLE,SC,2018,1,169135
CPLE,SC,2018,2,185218
CPLE,SC,2018,3,163416
CPLE,SC,2018,4,152893
CPLE,SC,2018,5,198377
CPLE,SC,2018,6,181857
CPLE,SC,2018,7,363951
CPLE,SC,2018,8,326424
CPLE,SC,2018,9,325256
CPLE,SC,2018,10,239045
CPLE,SC,2018,11,110182
CPLE,SC,2018,12,317772
CPLE,SCEG,2018,1,306
CPLE,SCEG,2018,2,1027
CPLE,SCEG,2018,3,17
CPLE,SCEG,2018,4,46
CPLE,SCEG,2018,5,97
CPLE,SCEG,2018,6,46
CPLE,SCEG,2018,7,365
CPLE,SCEG,2018,8,187
CPLE,SCEG,2018,9,1635
CPLE,SCEG,2018,10,457
CPLE,SCEG,2018,12,1185
CPLE,YAD,2018,1,6675
CPLE,YAD,2018,2,5191
CPLE,YAD,2018,3,4512
CPLE,YAD,2018,4,2604
CPLE,YAD,2018,5,2995
CPLE,YAD,2018,6,8640
CPLE,YAD,2018,7,18770
CPLE,YAD,2018,8,5707
CPLE,YAD,2018,9,2332
CPLE,YAD,2018,10,4316
CPLE,YAD,2018,11,1487
CPLE,YAD,2018,12,8196
CPLW,DUK,2018,1,1931
CPLW,DUK,2018,2,60
CPLW,DUK,2018,3,64
CPLW,DUK,2018,4,3120
CPLW,DUK,2018,5,340
CPLW,DUK,2018,6,2754
CPLW,DUK,2018,7,1708
CPLW,DUK,2018,8,965
CPLW,DUK,2018,9,131
CPLW,DUK,2018,10,130
CPLW,DUK,2018,11,691
CPLW,DUK,2018,12,1938
CPLW,PJM,2018,1,81476
CPLW,PJM,2018,2,45343
CPLW,PJM,2018,3,59991
CPLW,PJM,2018,4,48933
CPLW,PJM,2018,5,58751
CPLW,PJM,2018,6,63901
CPLW,PJM,2018,7,72966
CPLW,PJM,2018,8,70490
CPLW,PJM,2018,9,60364
CPLW,PJM,2018,10,41388
CPLW,PJM,2018,11,52642
CPLW,PJM,2018,12,71265
CPLW,TVA,2018,1,47
CPLW,TVA,2018,2,161
CPLW,TVA,2018,3,87
CPLW,TVA,2018,4,1062
CPLW,TVA,2018,5,1007
CPLW,TVA,2018,6,2127
CPLW,TVA,2018,7,1239
CPLW,TVA,2018,8,871
CPLW,TVA,2018,9,1639
CPLW,TVA,2018,10,3748
CPLW,TVA,2018,11,1179
CPLW,TVA,2018,12,307
DEAA,SRP,2018,3,24400
DEAA,SRP,2018,4,80194
DEAA,SRP,2018,5,366795
DEAA,SRP,2018,6,344499
DEAA,SRP,2018,7,327418
DEAA,SRP,2018,8,372524
DEAA,SRP,2018,9,344633
DEAA,SRP,2018,10,312202
DEAA,SRP,2018,11,1576
DEAA,SRP,2018,12,87167
DOPD,BPAT,2018,1,521356
DOPD,BPAT,2018,2,622954
DOPD,BPAT,2018,3,565710
DOPD,BPAT,2018,4,716210
DOPD,BPAT,2018,5,673134
DOPD,BPAT,2018,6,707563
DOPD,BPAT,2018,7,481114
DOPD,BPAT,2018,8,350978
DOPD,BPAT,2018,9,154323
DOPD,BPAT,2018,10,145916
DOPD,BPAT,2018,11,309571
DOPD,BPAT,2018,12,221520
DOPD,CHPD,2018,1,40428
DOPD,CHPD,2018,2,14172
DOPD,CHPD,2018,3,30748
DOPD,CHPD,2018,4,19550
DOPD,CHPD,2018,5,35445
DOPD,CHPD,2018,6,34496
DOPD,CHPD,2018,7,58333
DOPD,CHPD,2018,8,83203
DOPD,CHPD,2018,9,98047
DOPD,CHPD,2018,10,133201
DOPD,CHPD,2018,11,17085
DOPD,CHPD,2018,12,50260
DUK,CPLE,2018,1,917791
DUK,CPLE,2018,2,236729
DUK,CPLE,2018,3,952822
DUK,CPLE,2018,4,424051
DUK,CPLE,2018,5,307591
DUK,CPLE,2018,6,298683
DUK,CPLE,2018,7,233364
DUK,CPLE,2018,8,296221
DUK,CPLE,2018,9,278734
DUK,CPLE,2018,10,183010
DUK,CPLE,2018,11,259890
DUK,CPLE,2018,12,94220
DUK,CPLW,2018,1,136734
DUK,CPLW,2018,2,149580
DUK,CPLW,2018,3,152117
DUK,CPLW,2018,4,121134
DUK,CPLW,2018,5,135572
DUK,CPLW,2018,6,118166
DUK,CPLW,2018,7,96509
DUK,CPLW,2018,8,99412
DUK,CPLW,2018,9,139673
DUK,CPLW,2018,10,154134
DUK,CPLW,2018,11,141696
DUK,CPLW,2018,12,166657
DUK,PJM,2018,1,520976
DUK,PJM,2018,2,275505
DUK,PJM,2018,3,62108
DUK,PJM,2018,4,50979
DUK,PJM,2018,5,329377
DUK,PJM,2018,6,269960
DUK,PJM,2018,7,252553
DUK,PJM,2018,8,260588
DUK,PJM,2018,9,384737
DUK,PJM,2018,10,372452
DUK,PJM,2018,11,389059
DUK,PJM,2018,12,508708
DUK,SC,2018,1,105
DUK,SC,2018,2,82
DUK,SC,2018,9,4025
DUK,SC,2018,10,494
DUK,SCEG,2018,1,7056
DUK,SCEG,2018,2,462
DUK,SCEG,2018,3,2780
DUK,SCEG,2018,4,19
DUK,SCEG,2018,5,818
DUK,SCEG,2018,6,37814
DUK,SCEG,2018,7,11547
DUK,SCEG,2018,8,6452
DUK,SCEG,2018,9,49852
DUK,SCEG,2018,10,135929
DUK,SCEG,2018,11,76560
DUK,SCEG,2018,12,99
DUK,SEPA,2018,1,39623
DUK,SEPA,2018,2,26860
DUK,SEPA,2018,3,68851
DUK,SEPA,2018,4,64366
DUK,SEPA,2018,5,44060
DUK,SEPA,2018,6,90219
DUK,SEPA,2018,7,101602
DUK,SEPA,2018,8,87050
DUK,SEPA,2018,9,116256
DUK,SEPA,2018,10,63263
DUK,SEPA,2018,11,48744
DUK,SEPA,2018,12,51184
DUK,SOCO,2018,1,143343
DUK,SOCO,2018,2,82076
DUK,SOCO,2018,3,148055
DUK,SOCO,2018,4,281608
DUK,SOCO,2018,5,322585
DUK,SOCO,2018,6,494020
DUK,SOCO,2018,7,330611
DUK,SOCO,2018,8,288958
DUK,SOCO,2018,9,392906
DUK,SOCO,2018,10,122348
DUK,SOCO,2018,11,97061
DUK,SOCO,2018,12,153209
DUK,TVA,2018,2,236
DUK,TVA,2018,3,587
DUK,TVA,2018,4,6432
DUK,TVA,2018,5,1672
DUK,TVA,2018,6,529
DUK,TVA,2018,7,339
DUK,TVA,2018,8,546
DUK,TVA,2018,9,1025
DUK,TVA,2018,10,2344
DUK,TVA,2018,11,379
DUK,TVA,2018,12,107
DUK,YAD,2018,1,1811
DUK,YAD,2018,2,25
DUK,YAD,2018,3,1705
DUK,YAD,2018,4,3732
DUK,YAD,2018,5,874
DUK,YAD,2018,6,1561
DUK,YAD,2018,7,517
DUK,YAD,2018,8,19
DUK,YAD,2018,9,571
DUK,YAD,2018,10,670
EEI,LGEE,2018,1,149500
EEI,LGEE,2018,2,128293
EEI,LGEE,2018,3,165046
EEI,LGEE,2018,4,160322
EEI,LGEE,2018,5,135334
EEI,LGEE,2018,6,110799
EEI,LGEE,2018,7,132042
EEI,LGEE,2018,8,137933
EEI,LGEE,2018,9,124894
EEI,LGEE,2018,10,110274
EEI,LGEE,2018,11,120989
EEI,LGEE,2018,12,131445
EEI,MISO,2018,1,340378
EEI,MISO,2018,2,345481
EEI,MISO,2018,3,299916
EEI,MISO,2018,4,397005
EEI,MISO,2018,5,547689
EEI,MISO,2018,6,560737
EEI,MISO,2018,7,529304
EEI,MISO,2018,8,542152
EEI,MISO,2018,9,339196
EEI,MISO,2018,10,184994
EEI,MISO,2018,11,118456
EEI,MISO,2018,12,105732
EEI,TVA,2018,1,154251
EEI,TVA,2018,2,139180
EEI,TVA,2018,3,118218
EEI,TVA,2018,4,88908
EEI,TVA,2018,5,114012
EEI,TVA,2018,6,111390
EEI,TVA,2018,7,84403
EEI,TVA,2018,8,80675
EEI,TVA,2018,9,115827
EEI,TVA,2018,10,29980
EEI,TVA,2018,11,26944
EEI,TVA,2018,12,45170
EPE,PNM,2018,2,90
EPE,PNM,2018,3,10807
EPE,PNM,2018,10,25003
EPE,PNM,2018,11,58
EPE,TEPC,2018,1,22908
EPE,TEPC,2018,2,13074
EPE,TEPC,2018,3,14856
EPE,TEPC,2018,4,28743
EPE,TEPC,2018,5,11910
EPE,TEPC,2018,6,8495
EPE,TEPC,2018,7,23294
EPE,TEPC,2018,8,57686
EPE,TEPC,2018,9,40479
EPE,TEPC,2018,10,13873
EPE,TEPC,2018,11,109434
EPE,TEPC,2018,12,44564
ERCO,CEN,2018,1,34585
ERCO,CEN,2018,2,126587
ERCO,CEN,2018,3,154351
ERCO,CEN,2018,4,87289
ERCO,CEN,2018,5,160071
ERCO,CEN,2018,6,168788
ERCO,CEN,2018,7,119754
ERCO,CEN,2018,8,163332
ERCO,CEN,2018,9,142596
ERCO,CEN,2018,10,45712
ERCO,CEN,2018,11,11018
ERCO,CEN,2018,12,17039
ERCO,SWPP,2018,1,159839
ERCO,SWPP,2018,2,88579
ERCO,SWPP,2018,3,38182
ERCO,SWPP,2018,4,67745
ERCO,SWPP,2018,5,17889
ERCO,SWPP,2018,6,14098
ERCO,SWPP,2018,7,28983
ERCO,SWPP,2018,8,6378
ERCO,SWPP,2018,9,10166
ERCO,SWPP,2018,10,93747
ERCO,SWPP,2018,11,78786
ERCO,SWPP,2018,12,52733
FMPP,FPC,2018,1,487269
FMPP,FPC,2018,2,230693
FMPP,FPC,2018,3,228353
FMPP,FPC,2018,4,260136
FMPP,FPC,2018,5,297465
FMPP,FPC,2018,6,470242
FMPP,FPC,2018,7,428152
FMPP,FPC,2018,8,399175
FMPP,FPC,2018,9,303934
FMPP,FPC,2018,10,265302
FMPP,FPC,2018,11,297119
FMPP,FPC,2018,12,178883
FMPP,FPL,2018,4,9475
FMPP,FPL,2018,5,9529
FMPP,JEA,2018,11,10
FMPP,JEA,2018,12,21
FMPP,TEC,2018,1,1149
FMPP,TEC,2018,2,38762
FMPP,TEC,2018,3,30587
FMPP,TEC,2018,4,1231
FMPP,TEC,2018,5,2526
FMPP,TEC,2018,6,512
FMPP,TEC,2018,7,1915
FMPP,TEC,2018,8,889
FMPP,TEC,2018,9,6013
FMPP,TEC,2018,10,8212
FMPP,TEC,2018,11,16745
FMPP,TEC,2018,12,39753
FPC,FMPP,2018,2,8
FPC,FMPP,2018,5,96
FPC,FMPP,2018,11,154
FPC,FMPP,2018,12,8559
FPC,FPL,2018,1,1141
FPC,FPL,2018,2,843
FPC,FPL,2018,3,144
FPC,FPL,2018,5,7
FPC,FPL,2018,8,206
FPC,FPL,2018,9,42
FPC,FPL,2018,10,682
FPC,GVL,2018,1,2803
FPC,GVL,2018,2,4176
FPC,GVL,2018,3,998
FPC,GVL,2018,4,3889
FPC,GVL,2018,5,3131
FPC,GVL,2018,6,28
FPC,GVL,2018,7,137
FPC,GVL,2018,9,1379
FPC,GVL,2018,10,1682
FPC,GVL,2018,11,1532
FPC,GVL,2018,12,1945
FPC,NSB,2018,1,27293
FPC,NSB,2018,2,23551
FPC,NSB,2018,3,26651
FPC,NSB,2018,4,16918
FPC,NSB,2018,5,25682
FPC,NSB,2018,6,24356
FPC,NSB,2018,7,25742
FPC,NSB,2018,8,28940
FPC,NSB,2018,9,30570
FPC,NSB,2018,10,26401
FPC,NSB,2018,11,23524
FPC,NSB,2018,12,17693
FPC,SEC,2018,1,54664
FPC,SEC,2018,2,79955
FPC,SEC,2018,3,88135
FPC,SEC,2018,4,28109
FPC,SEC,2018,5,51390
FPC,SEC,2018,6,31532
FPC,SEC,2018,12,639
FPC,SOCO,2018,1,269
FPC,SOCO,2018,3,17
FPC,SOCO,2018,5,64
FPC,SOCO,2018,10,242
FPC,SOCO,2018,11,294
FPC,SOCO,2018,12,1135
FPC,TAL,2018,10,4
FPC,TEC,2018,1,61532
FPC,TEC,2018,2,119375
FPC,TEC,2018,3,58746
FPC,TEC,2018,4,17452
FPC,TEC,2018,5,35667
FPC,TEC,2018,6,23419
FPC,TEC,2018,7,12805
FPC,TEC,2018,8,18941
FPC,TEC,2018,9,3517
FPC,TEC,2018,10,45077
FPC,TEC,2018,11,88465
FPC,TEC,2018,12,60262
FPL,FMPP,2018,1,325449
FPL,FMPP,2018,2,265952
FPL,FMPP,2018,3,254491
FPL,FMPP,2018,4,256662
FPL,FMPP,2018,5,180711
FPL,FMPP,2018,6,279210
FPL,FMPP,2018,7,325307
FPL,FMPP,2018,8,275356
FPL,FMPP,2018,9,222296
FPL,FMPP,2018,10,227874
FPL,FMPP,2018,11,270595
FPL,FMPP,2018,12,206162
FPL,FPC,2018,1,234176
FPL,FPC,2018,2,297084
FPL,FPC,2018,3,310230
FPL,FPC,2018,4,289955
FPL,FPC,2018,5,422324
FPL,FPC,2018,6,446149
FPL,FPC,2018,7,453936
FPL,FPC,2018,8,431343
FPL,FPC,2018,9,393276
FPL,FPC,2018,10,425585
FPL,FPC,2018,11,374011
FPL,FPC,2018,12,452230
FPL,GVL,2018,1,19869
FPL,GVL,2018,2,11388
FPL,GVL,2018,3,24427
FPL,GVL,2018,4,39277
FPL,GVL,2018,5,38493
FPL,GVL,2018,6,28721
FPL,GVL,2018,7,34739
FPL,GVL,2018,8,26242
FPL,GVL,2018,9,27039
FPL,GVL,2018,10,24048
FPL,GVL,2018,11,17649
FPL,GVL,2018,12,9696
FPL,HST,2018,1,49722
FPL,HST,2018,2,53561
FPL,HST,2018,3,53374
FPL,HST,2018,4,60856
FPL,HST,2018,5,67435
FPL,HST,2018,6,72843
FPL,HST,2018,7,68986
FPL,HST,2018,8,79188
FPL,HST,2018,9,74242
FPL,HST,2018,10,76356
FPL,HST,2018,11,60743
FPL,HST,2018,12,56021
FPL,JEA,2018,1,597629
FPL,JEA,2018,2,592447
FPL,JEA,2018,3,410715
FPL,JEA,2018,4,384333
FPL,JEA,2018,5,533530
FPL,JEA,2018,6,704828
FPL,JEA,2018,7,578635
FPL,JEA,2018,8,648162
FPL,JEA,2018,9,767638
FPL,JEA,2018,10,677385
FPL,JEA,2018,11,695539
FPL,JEA,2018,12,692397
FPL,NSB,2018,1,12549
FPL,NSB,2018,2,6736
FPL,NSB,2018,3,4625
FPL,NSB,2018,4,14096
FPL,NSB,2018,5,9328
FPL,NSB,2018,6,16810
FPL,NSB,2018,7,19934
FPL,NSB,2018,8,16312
FPL,NSB,2018,9,14792
FPL,NSB,2018,10,12893
FPL,NSB,2018,11,7761
FPL,NSB,2018,12,14663
FPL,SEC,2018,6,39
FPL,SOCO,2018,1,208134
FPL,SOCO,2018,2,39633
FPL,SOCO,2018,3,56285
FPL,SOCO,2018,4,24435
FPL,SOCO,2018,5,53391
FPL,SOCO,2018,6,2313
FPL,SOCO,2018,10,237
FPL,SOCO,2018,11,8770
FPL,SOCO,2018,12,9734
FPL,TEC,2018,1,6692
FPL,TEC,2018,2,8664
FPL,TEC,2018,3,60599
FPL,TEC,2018,4,25243
FPL,TEC,2018,5,27308
FPL,TEC,2018,6,2441
FPL,TEC,2018,7,1925
FPL,TEC,2018,8,26081
FPL,TEC,2018,9,39340
FPL,TEC,2018,10,32890
FPL,TEC,2018,11,31465
FPL,TEC,2018,12,26280
GCPD,AVA,2018,1,7991
GCPD,AVA,2018,2,6739
GCPD,AVA,2018,3,3152
GCPD,AVA,2018,5,46
GCPD,AVA,2018,7,46
GCPD,AVA,2018,8,437
GCPD,AVA,2018,9,4106
GCPD,AVA,2018,10,1767
GCPD,AVA,2018,11,2346
GCPD,AVA,2018,12,2967
GCPD,BPAT,2018,1,893808
GCPD,BPAT,2018,2,991526
GCPD,BPAT,2018,3,1024907
GCPD,BPAT,2018,4,1013591
GCPD,BPAT,2018,5,631777
GCPD,BPAT,2018,6,688237
GCPD,BPAT,2018,7,469874
GCPD,BPAT,2018,8,377059
GCPD,BPAT,2018,9,205746
GCPD,BPAT,2018,10,254709
GCPD,BPAT,2018,11,543467
GCPD,BPAT,2018,12,524772
GCPD,PACW,2018,1,118106
GCPD,PACW,2018,2,98857
GCPD,PACW,2018,3,64623
GCPD,PACW,2018,4,71670
GCPD,PACW,2018,5,124808
GCPD,PACW,2018,6,140401
GCPD,PACW,2018,7,173094
GCPD,PACW,2018,8,145335
GCPD,PACW,2018,9,88039
GCPD,PACW,2018,10,73365
GCPD,PACW,2018,11,47078
GCPD,PACW,2018,12,45149
GCPD,PSEI,2018,1,3393
GCPD,PSEI,2018,2,1295
GCPD,PSEI,2018,3,2105
GCPD,PSEI,2018,4,1408
GCPD,PSEI,2018,5,1750
GCPD,PSEI,2018,6,1246
GCPD,PSEI,2018,7,1326
GCPD,PSEI,2018,8,2028
GCPD,PSEI,2018,9,1093
GCPD,PSEI,2018,10,2460
GCPD,PSEI,2018,11,2915
GCPD,PSEI,2018,12,3436
GRID,BPAT,2018,1,371726
GRID,BPAT,2018,2,220489
GRID,BPAT,2018,3,322856
GRID,BPAT,2018,4,168922
GRID,BPAT,2018,5,72759
GRID,BPAT,2018,6,134385
GRID,BPAT,2018,7,386032
GRID,BPAT,2018,8,418461
GRID,BPAT,2018,9,353869
GRID,BPAT,2018,10,433239
GRID,BPAT,2018,11,517046
GRID,BPAT,2018,12,599035
GRID,PNM,2018,1,114950
GRID,PNM,2018,2,113609
GRID,PNM,2018,3,130467
GRID,PNM,2018,4,137652
GRID,PNM,2018,5,114523
GRID,PNM,2018,6,123684
GRID,PNM,2018,7,81731
GRID,PNM,2018,8,91761
GRID,PNM,2018,9,95190
GRID,PNM,2018,10,91365
GRID,PNM,2018,11,108664
GRID,PNM,2018,12,109378
GRIF,WALC,2018,1,1930
GRIF,WALC,2018,3,40948
GRIF,WALC,2018,4,39752
GRIF,WALC,2018,5,16947
GRIF,WALC,2018,6,194038
GRIF,WALC,2018,7,292278
GRIF,WALC,2018,8,296966
GRIF,WALC,2018,9,342879
GRIF,WALC,2018,10,353532
GRIF,WALC,2018,11,236047
GRIF,WALC,2018,12,248160
GRMA,AZPS,2018,1,398593
GRMA,AZPS,2018,2,325993
GRMA,AZPS,2018,3,368064
GRMA,AZPS,2018,4,265272
GRMA,AZPS,2018,5,30941
GVL,FPC,2018,1,14644
GVL,FPC,2018,2,11766
GVL,FPC,2018,3,12711
GVL,FPC,2018,4,15571
GVL,FPC,2018,5,30120
GVL,FPC,2018,6,44390
GVL,FPC,2018,7,44303
GVL,FPC,2018,8,40892
GVL,FPC,2018,9,32706
GVL,FPC,2018,10,21234
GVL,FPC,2018,11,30184
GVL,FPC,2018,12,19504
GVL,FPL,2018,1,1091
GVL,FPL,2018,2,2317
GVL,FPL,2018,3,519
GVL,FPL,2018,4,11
GVL,FPL,2018,5,107
GVL,FPL,2018,8,57
GVL,FPL,2018,9,18
GVL,FPL,2018,10,991
GVL,FPL,2018,11,312
GVL,FPL,2018,12,567
GWA,NWMT,2018,1,75292
GWA,NWMT,2018,2,47875
GWA,NWMT,2018,3,27924
GWA,NWMT,2018,4,45396
GWA,NWMT,2018,5,48752
GWA,NWMT,2018,6,67075
GWA,NWMT,2018,7,37791
GWA,NWMT,2018,8,47937
GWA,NWMT,2018,9,31586
GWA,NWMT,2018,10,66863
GWA,NWMT,2018,11,81968
GWA,NWMT,2018,12,86177
HGMA,SRP,2018,5,74022
HGMA,SRP,2018,6,79946
HGMA,SRP,2018,7,843
HGMA,SRP,2018,8,2946
HQT,ISNE,2018,1,1084598
HQT,ISNE,2018,2,1083556
HQT,ISNE,2018,3,1160876
HQT,ISNE,2018,4,1139845
HQT,ISNE,2018,5,1317003
HQT,ISNE,2018,6,1259323
HQT,ISNE,2018,7,1356966
HQT,ISNE,2018,8,996732
HQT,ISNE,2018,9,881663
HQT,ISNE,2018,10,972367
HQT,ISNE,2018,11,1196313
HQT,ISNE,2018,12,1222328
HQT,NYIS,2018,1,838227
HQT,NYIS,2018,2,1111661
HQT,NYIS,2018,3,1206443
HQT,NYIS,2018,4,880645
HQT,NYIS,2018,5,809693
HQT,NYIS,2018,6,1044685
HQT,NYIS,2018,7,1184123
HQT,NYIS,2018,8,1231083
HQT,NYIS,2018,9,1000410
HQT,NYIS,2018,10,498841
HQT,NYIS,2018,11,987420
HQT,NYIS,2018,12,970260
IESO,MISO,2018,1,683956
IESO,MISO,2018,2,574783
IESO,MISO,2018,3,726805
IESO,MISO,2018,4,612265
IESO,MISO,2018,5,850662
IESO,MISO,2018,6,734108
IESO,MISO,2018,7,606519
IESO,MISO,2018,8,593859
IESO,MISO,2018,9,767220
IESO,MISO,2018,10,701758
IESO,MISO,2018,11,743273
IESO,MISO,2018,12,655658
IESO,NYIS,2018,1,888495
IESO,NYIS,2018,2,597041
IESO,NYIS,2018,3,659644
IESO,NYIS,2018,4,560392
IESO,NYIS,2018,5,681787
IESO,NYIS,2018,6,601857
IESO,NYIS,2018,7,470797
IESO,NYIS,2018,8,543531
IESO,NYIS,2018,9,464565
IESO,NYIS,2018,10,578166
IESO,NYIS,2018,11,526688
IESO,NYIS,2018,12,537829
IID,AZPS,2018,1,49889
IID,AZPS,2018,2,29531
IID,AZPS,2018,3,36576
IID,AZPS,2018,4,32961
IID,AZPS,2018,5,24002
IID,AZPS,2018,6,50357
IID,AZPS,2018,7,12147
IID,AZPS,2018,8,11164
IID,AZPS,2018,9,8883
IID,AZPS,2018,10,1766
IID,AZPS,2018,11,5409
IID,AZPS,2018,12,1425
IID,CISO,2018,1,312101
IID,CISO,2018,2,208123
IID,CISO,2018,3,242173
IID,CISO,2018,4,245580
IID,CISO,2018,5,243721
IID,CISO,2018,6,211776
IID,CISO,2018,7,129681
IID,CISO,2018,8,121565
IID,CISO,2018,9,128641
IID,CISO,2018,10,268001
IID,CISO,2018,11,330372
IID,CISO,2018,12,342177
IID,WALC,2018,1,77785
IID,WALC,2018,2,41935
IID,WALC,2018,3,76419
IID,WALC,2018,4,82457
IID,WALC,2018,5,62376
IID,WALC,2018,6,137604
IID,WALC,2018,7,7977
IID,WALC,2018,8,810
IID,WALC,2018,9,3272
IID,WALC,2018,10,16941
IID,WALC,2018,11,13358
IID,WALC,2018,12,17262
IPCO,AVA,2018,1,942
IPCO,AVA,2018,2,65
IPCO,AVA,2018,3,712
IPCO,AVA,2018,4,1167
IPCO,AVA,2018,8,55
IPCO,AVA,2018,9,2566
IPCO,AVA,2018,10,9701
IPCO,AVA,2018,11,24594
IPCO,AVA,2018,12,28426
IPCO,BPAT,2018,1,11484
IPCO,BPAT,2018,2,3153
IPCO,BPAT,2018,3,13875
IPCO,BPAT,2018,4,21015
IPCO,BPAT,2018,5,1444
IPCO,BPAT,2018,6,949
IPCO,BPAT,2018,7,170
IPCO,BPAT,2018,8,9826
IPCO,BPAT,2018,9,14368
IPCO,BPAT,2018,10,25765
IPCO,BPAT,2018,11,40226
IPCO,BPAT,2018,12,49897
IPCO,NEVP,2018,1,142667
IPCO,NEVP,2018,2,139139
IPCO,NEVP,2018,3,2752
IPCO,NEVP,2018,4,130861
IPCO,NEVP,2018,5,132752
IPCO,NEVP,2018,6,50289
IPCO,NEVP,2018,7,54954
IPCO,NEVP,2018,8,62885
IPCO,NEVP,2018,9,43255
IPCO,NEVP,2018,10,54057
IPCO,NEVP,2018,11,34299
IPCO,NEVP,2018,12,20471
IPCO,PACE,2018,1,44
IPCO,PACE,2018,2,5425
IPCO,PACE,2018,3,31858
IPCO,PACE,2018,4,68221
IPCO,PACE,2018,5,183627
IPCO,PACE,2018,6,110627
IPCO,PACE,2018,7,13809
IPCO,PACW,2018,1,357323
IPCO,PACW,2018,2,193025
IPCO,PACW,2018,3,305779
IPCO,PACW,2018,4,202252
IPCO,PACW,2018,5,19819
IPCO,PACW,2018,6,24989
IPCO,PACW,2018,7,17970
IPCO,PACW,2018,8,109751
IPCO,PACW,2018,9,252232
IPCO,PACW,2018,10,322261
IPCO,PACW,2018,11,437389
IPCO,PACW,2018,12,581040
ISNE,NBSO,2018,4,3193
ISNE,NBSO,2018,5,3911
ISNE,NBSO,2018,6,1436
ISNE,NBSO,2018,7,1086
ISNE,NBSO,2018,9,36
ISNE,NBSO,2018,10,770
ISNE,NBSO,2018,11,2149
ISNE,NBSO,2018,12,1289
ISNE,NYIS,2018,1,7202
ISNE,NYIS,2018,2,44109
ISNE,NYIS,2018,3,46277
ISNE,NYIS,2018,4,73292
ISNE,NYIS,2018,5,494298
ISNE,NYIS,2018,6,308114
ISNE,NYIS,2018,7,307262
ISNE,NYIS,2018,8,69221
ISNE,NYIS,2018,9,245345
ISNE,NYIS,2018,10,8206
ISNE,NYIS,2018,11,6021
ISNE,NYIS,2018,12,5273
JEA,FMPP,2018,1,42170
JEA,FMPP,2018,2,35727
JEA,FMPP,2018,3,34648
JEA,FMPP,2018,4,29693
JEA,FMPP,2018,5,36308
JEA,FMPP,2018,6,43061
JEA,FMPP,2018,7,47715
JEA,FMPP,2018,8,43188
JEA,FMPP,2018,9,45633
JEA,FMPP,2018,10,37069
JEA,FMPP,2018,11,17871
JEA,FMPP,2018,12,22194
JEA,FPL,2018,3,63
JEA,SEC,2018,1,7599
JEA,SEC,2018,2,27991
JEA,SEC,2018,3,18511
JEA,SEC,2018,4,21889
JEA,SEC,2018,5,20034
JEA,SEC,2018,6,45214
JEA,SEC,2018,7,35367
JEA,SEC,2018,8,31336
JEA,SEC,2018,9,32457
JEA,SEC,2018,10,133595
JEA,SEC,2018,11,64474
JEA,SEC,2018,12,28677
LDWP,BPAT,2018,10,6897
LDWP,BPAT,2018,11,1632
LDWP,BPAT,2018,12,9104
LDWP,CISO,2018,1,2944841
LDWP,CISO,2018,2,2004942
LDWP,CISO,2018,3,1970297
LDWP,CISO,2018,4,1405198
LDWP,CISO,2018,5,1644532
LDWP,CISO,2018,6,1560310
LDWP,CISO,2018,7,1732719
LDWP,CISO,2018,8,1972340
LDWP,CISO,2018,9,1842205
LDWP,CISO,2018,10,1389901
LDWP,CISO,2018,11,1484597
LDWP,CISO,2018,12,1959826
LDWP,NEVP,2018,1,665743
LDWP,NEVP,2018,2,548507
LDWP,NEVP,2018,3,506743
LDWP,NEVP,2018,4,480131
LDWP,NEVP,2018,5,457716
LDWP,NEVP,2018,6,539087
LDWP,NEVP,2018,7,686401
LDWP,NEVP,2018,8,590393
LDWP,NEVP,2018,9,583193
LDWP,NEVP,2018,10,1121710
LDWP,NEVP,2018,11,999861
LDWP,NEVP,2018,12,626207
LDWP,PACE,2018,2,217
LDWP,PACE,2018,3,2198
LDWP,PACE,2018,4,632
LDWP,PACE,2018,5,1718
LDWP,PACE,2018,6,5193
LDWP,PACE,2018,7,1862
LDWP,PACE,2018,8,5322
LDWP,PACE,2018,9,679
LDWP,PACE,2018,10,5255
LDWP,PACE,2018,11,1906
LDWP,PACE,2018,12,547
LDWP,WALC,2018,4,6730
LDWP,WALC,2018,5,6158
LDWP,WALC,2018,6,2625
LGEE,MISO,2018,1,4170
LGEE,MISO,2018,2,231292
LGEE,MISO,2018,3,20030
LGEE,MISO,2018,4,44740
LGEE,MISO,2018,5,45794
LGEE,MISO,2018,6,39188
LGEE,MISO,2018,7,52187
LGEE,MISO,2018,8,77934
LGEE,MISO,2018,9,74073
LGEE,MISO,2018,10,42907
LGEE,MISO,2018,11,57869
LGEE,MISO,2018,12,96314
LGEE,OVEC,2018,1,322721
LGEE,OVEC,2018,2,131780
LGEE,OVEC,2018,3,15690
LGEE,OVEC,2018,4,175743
LGEE,OVEC,2018,5,184706
LGEE,OVEC,2018,6,130571
LGEE,OVEC,2018,7,226336
LGEE,OVEC,2018,8,250758
LGEE,OVEC,2018,9,247473
LGEE,OVEC,2018,10,265538
LGEE,OVEC,2018,11,171155
LGEE,OVEC,2018,12,1818
LGEE,PJM,2018,1,555739
LGEE,PJM,2018,2,197568
LGEE,PJM,2018,3,431286
LGEE,PJM,2018,4,361348
LGEE,PJM,2018,5,373672
LGEE,PJM,2018,6,390998
LGEE,PJM,2018,7,384651
LGEE,PJM,2018,8,324549
LGEE,PJM,2018,9,312804
LGEE,PJM,2018,10,425133
LGEE,PJM,2018,11,526611
LGEE,PJM,2018,12,423365
LGEE,TVA,2018,1,99163
LGEE,TVA,2018,2,11188
LGEE,TVA,2018,3,26869
LGEE,TVA,2018,4,8629
LGEE,TVA,2018,5,32
LGEE,TVA,2018,6,10137
LGEE,TVA,2018,7,4405
LGEE,TVA,2018,8,2397
LGEE,TVA,2018,9,4500
LGEE,TVA,2018,10,9015
LGEE,TVA,2018,11,598
LGEE,TVA,2018,12,3338
MHEB,MISO,2018,1,189402
MHEB,MISO,2018,2,172979
MHEB,MISO,2018,3,577551
MHEB,MISO,2018,4,410536
MHEB,MISO,2018,5,709361
MHEB,MISO,2018,6,678953
MHEB,MISO,2018,7,925024
MHEB,MISO,2018,8,754517
MHEB,MISO,2018,9,437085
MHEB,MISO,2018,10,270358
MHEB,MISO,2018,11,272198
MHEB,MISO,2018,12,448001
MISO,AEC,2018,2,253
MISO,AEC,2018,3,2627
MISO,AEC,2018,4,3631
MISO,AEC,2018,5,2281
MISO,AEC,2018,8,259
MISO,AEC,2018,9,3810
MISO,AEC,2018,10,1842
MISO,AEC,2018,11,728
MISO,AECI,2018,1,85756
MISO,AECI,2018,2,45774
MISO,AECI,2018,3,91382
MISO,AECI,2018,4,16496
MISO,AECI,2018,5,6380
MISO,AECI,2018,6,39344
MISO,AECI,2018,7,87093
MISO,AECI,2018,8,55050
MISO,AECI,2018,9,46737
MISO,AECI,2018,10,22763
MISO,AECI,2018,11,106005
MISO,AECI,2018,12,46382
MISO,EEI,2018,1,14005
MISO,EEI,2018,2,8392
MISO,EEI,2018,3,19150
MISO,EEI,2018,4,482
MISO,EEI,2018,5,51
MISO,EEI,2018,6,169
MISO,EEI,2018,7,34
MISO,EEI,2018,8,6
MISO,EEI,2018,9,5559
MISO,EEI,2018,10,16067
MISO,EEI,2018,11,52248
MISO,EEI,2018,12,49107
MISO,IESO,2018,1,69
MISO,IESO,2018,2,137
MISO,IESO,2018,7,786
MISO,IESO,2018,8,1148
MISO,IESO,2018,9,1268
MISO,IESO,2018,11,17
MISO,LGEE,2018,1,663603
MISO,LGEE,2018,2,159761
MISO,LGEE,2018,3,333620
MISO,LGEE,2018,4,238674
MISO,LGEE,2018,5,202986
MISO,LGEE,2018,6,169063
MISO,LGEE,2018,7,187770
MISO,LGEE,2018,8,151890
MISO,LGEE,2018,9,175531
MISO,LGEE,2018,10,328312
MISO,LGEE,2018,11,270972
MISO,LGEE,2018,12,77017
MISO,MHEB,2018,1,81959
MISO,MHEB,2018,2,88879
MISO,MHEB,2018,3,3173
MISO,MHEB,2018,4,17971
MISO,MHEB,2018,5,182
MISO,MHEB,2018,6,228
MISO,MHEB,2018,7,26
MISO,MHEB,2018,8,792
MISO,MHEB,2018,9,20650
MISO,MHEB,2018,10,80602
MISO,MHEB,2018,11,86334
MISO,MHEB,2018,12,23246
MISO,PJM,2018,1,1483853
MISO,PJM,2018,2,2616010
MISO,PJM,2018,3,1268710
MISO,PJM,2018,4,1097314
MISO,PJM,2018,5,3467578
MISO,PJM,2018,6,3731089
MISO,PJM,2018,7,3310552
MISO,PJM,2018,8,3620937
MISO,PJM,2018,9,2900592
MISO,PJM,2018,10,4319063
MISO,PJM,2018,11,2841173
MISO,PJM,2018,12,3513013
MISO,SOCO,2018,1,12291
MISO,SOCO,2018,2,733
MISO,SOCO,2018,3,6750
MISO,SOCO,2018,4,3936
MISO,SOCO,2018,5,1578
MISO,SOCO,2018,6,363
MISO,SOCO,2018,7,627
MISO,SOCO,2018,8,1166
MISO,SOCO,2018,9,8433
MISO,SOCO,2018,10,53809
MISO,SOCO,2018,11,18676
MISO,SOCO,2018,12,60004
MISO,SPA,2018,2,1089
MISO,SPA,2018,4,420
MISO,SPA,2018,7,512
MISO,SPA,2018,8,2060
MISO,SPA,2018,10,872
MISO,SPA,2018,11,574
MISO,SWPP,2018,1,114020
MISO,SWPP,2018,2,76658
MISO,SWPP,2018,3,44089
MISO,SWPP,2018,4,78719
MISO,SWPP,2018,5,72679
MISO,SWPP,2018,6,117568
MISO,SWPP,2018,7,142919
MISO,SWPP,2018,8,17979
MISO,SWPP,2018,9,577
MISO,SWPP,2018,10,29936
MISO,SWPP,2018,11,151622
MISO,SWPP,2018,12,73216
MISO,TVA,2018,1,2543259
MISO,TVA,2018,2,2088046
MISO,TVA,2018,3,2393267
MISO,TVA,2018,4,2178065
MISO,TVA,2018,5,1296079
MISO,TVA,2018,6,693247
MISO,TVA,2018,7,1003273
MISO,TVA,2018,8,1793714
MISO,TVA,2018,9,1694908
MISO,TVA,2018,10,3019887
MISO,TVA,2018,11,1802561
MISO,TVA,2018,12,1561584
NBSO,ISNE,2018,1,540329
NBSO,ISNE,2018,2,376685
NBSO,ISNE,2018,3,386581
NBSO,ISNE,2018,4,181619
NBSO,ISNE,2018,5,181913
NBSO,ISNE,2018,6,380096
NBSO,ISNE,2018,7,395430
NBSO,ISNE,2018,8,396002
NBSO,ISNE,2018,9,435221
NBSO,ISNE,2018,10,342718
NBSO,ISNE,2018,11,227103
NBSO,ISNE,2018,12,215075
NEVP,BPAT,2018,3,100
NEVP,BPAT,2018,6,22
NEVP,BPAT,2018,7,2068
NEVP,BPAT,2018,8,14588
NEVP,BPAT,2018,9,5856
NEVP,BPAT,2018,10,8220
NEVP,BPAT,2018,11,5038
NEVP,BPAT,2018,12,7873
NEVP,CISO,2018,1,27018
NEVP,CISO,2018,2,5755
NEVP,CISO,2018,3,2708
NEVP,CISO,2018,4,913
NEVP,CISO,2018,5,12
NEVP,CISO,2018,6,375
NEVP,CISO,2018,7,160
NEVP,CISO,2018,8,3175
NEVP,CISO,2018,9,3240
NEVP,CISO,2018,10,9384
NEVP,CISO,2018,11,2083
NEVP,CISO,2018,12,5901
NEVP,IPCO,2018,5,48
NEVP,IPCO,2018,6,5593
NEVP,IPCO,2018,7,6636
NEVP,IPCO,2018,8,5884
NEVP,IPCO,2018,9,7597
NEVP,IPCO,2018,10,2536
NEVP,IPCO,2018,11,16803
NEVP,IPCO,2018,12,25566
NEVP,PACE,2018,1,1166
NEVP,PACE,2018,2,3315
NEVP,PACE,2018,3,15062
NEVP,PACE,2018,4,4568
NEVP,PACE,2018,5,18255
NEVP,PACE,2018,6,6622
NEVP,PACE,2018,7,337
NEVP,PACE,2018,8,39
NEVP,PACE,2018,9,509
NEVP,PACE,2018,10,902
NEVP,PACE,2018,11,1540
NEVP,PACE,2018,12,432
NEVP,WALC,2018,1,487645
NEVP,WALC,2018,2,438274
NEVP,WALC,2018,3,294126
NEVP,WALC,2018,4,295513
NEVP,WALC,2018,5,198744
NEVP,WALC,2018,6,171319
NEVP,WALC,2018,7,231361
NEVP,WALC,2018,8,230886
NEVP,WALC,2018,9,319954
NEVP,WALC,2018,10,373843
NEVP,WALC,2018,11,333455
NEVP,WALC,2018,12,284337
NSB,FPC,2018,2,137
NSB,FPC,2018,4,826
NSB,FPC,2018,12,1
NSB,FPL,2018,1,371
NSB,FPL,2018,2,955
NSB,FPL,2018,3,1360
NSB,FPL,2018,4,146
NSB,FPL,2018,5,215
NSB,FPL,2018,6,6
NSB,FPL,2018,8,9
NSB,FPL,2018,9,10
NSB,FPL,2018,10,606
NSB,FPL,2018,11,226
NSB,FPL,2018,12,370
NWMT,AESO,2018,1,72729
NWMT,AESO,2018,2,116324
NWMT,AESO,2018,3,133366
NWMT,AESO,2018,4,164986
NWMT,AESO,2018,5,126316
NWMT,AESO,2018,6,128083
NWMT,AESO,2018,7,50836
NWMT,AESO,2018,8,15160
NWMT,AESO,2018,9,5315
NWMT,AESO,2018,10,41396
NWMT,AESO,2018,11,70123
NWMT,AESO,2018,12,22801
NWMT,AVA,2018,1,65085
NWMT,AVA,2018,2,22269
NWMT,AVA,2018,3,30439
NWMT,AVA,2018,4,15840
NWMT,AVA,2018,5,5272
NWMT,AVA,2018,6,16139
NWMT,AVA,2018,7,15101
NWMT,AVA,2018,8,45281
NWMT,AVA,2018,9,61056
NWMT,AVA,2018,10,74605
NWMT,AVA,2018,11,85314
NWMT,AVA,2018,12,80485
NWMT,BPAT,2018,1,792035
NWMT,BPAT,2018,2,394190
NWMT,BPAT,2018,3,540976
NWMT,BPAT,2018,4,244731
NWMT,BPAT,2018,5,78857
NWMT,BPAT,2018,6,147443
NWMT,BPAT,2018,7,118712
NWMT,BPAT,2018,8,363766
NWMT,BPAT,2018,9,632323
NWMT,BPAT,2018,10,864493
NWMT,BPAT,2018,11,935975
NWMT,BPAT,2018,12,852380
NWMT,GWA,2018,1,424
NWMT,GWA,2018,2,583
NWMT,GWA,2018,3,800
NWMT,GWA,2018,4,444
NWMT,GWA,2018,5,393
NWMT,GWA,2018,6,208
NWMT,GWA,2018,7,394
NWMT,GWA,2018,8,315
NWMT,GWA,2018,9,409
NWMT,GWA,2018,10,432
NWMT,GWA,2018,11,248
NWMT,GWA,2018,12,512
NWMT,IPCO,2018,1,11992
NWMT,IPCO,2018,2,9359
NWMT,IPCO,2018,3,8960
NWMT,IPCO,2018,4,7020
NWMT,IPCO,2018,5,6725
NWMT,IPCO,2018,6,6665
NWMT,IPCO,2018,7,8594
NWMT,IPCO,2018,8,8195
NWMT,IPCO,2018,9,6872
NWMT,IPCO,2018,10,7264
NWMT,IPCO,2018,11,9254
NWMT,IPCO,2018,12,11718
NWMT,PACE,2018,1,113558
NWMT,PACE,2018,2,104469
NWMT,PACE,2018,3,112549
NWMT,PACE,2018,4,114120
NWMT,PACE,2018,5,180177
NWMT,PACE,2018,6,158056
NWMT,PACE,2018,7,88492
NWMT,PACE,2018,8,50501
NWMT,PACE,2018,9,38420
NWMT,PACE,2018,10,39282
NWMT,PACE,2018,11,18293
NWMT,PACE,2018,12,10019
NWMT,WAUW,2018,1,108204
NWMT,WAUW,2018,2,94993
NWMT,WAUW,2018,3,110225
NWMT,WAUW,2018,4,83278
NWMT,WAUW,2018,5,90511
NWMT,WAUW,2018,6,88077
NWMT,WAUW,2018,7,50850
NWMT,WAUW,2018,8,18279
NWMT,WAUW,2018,9,25265
NWMT,WAUW,2018,10,24707
NWMT,WAUW,2018,11,31706
NWMT,WAUW,2018,12,47590
NWMT,WWA,2018,1,257
NWMT,WWA,2018,2,323
NWMT,WWA,2018,3,1507
NWMT,WWA,2018,4,200
NWMT,WWA,2018,5,232
NWMT,WWA,2018,6,86
NWMT,WWA,2018,7,248
NWMT,WWA,2018,8,192
NWMT,WWA,2018,9,236
NWMT,WWA,2018,10,1602
NWMT,WWA,2018,11,116
NWMT,WWA,2018,12,282
NYIS,HQT,2018,1,290
NYIS,HQT,2018,5,68
NYIS,HQT,2018,7,15
NYIS,HQT,2018,10,541
NYIS,HQT,2018,12,517
NYIS,IESO,2018,4,187
NYIS,IESO,2018,5,1642
NYIS,IESO,2018,6,1791
NYIS,IESO,2018,7,5315
NYIS,IESO,2018,8,141
NYIS,IESO,2018,9,328
NYIS,IESO,2018,12,487
NYIS,ISNE,2018,1,1044334
NYIS,ISNE,2018,2,492712
NYIS,ISNE,2018,3,506167
NYIS,ISNE,2018,4,378075
NYIS,ISNE,2018,5,135926
NYIS,ISNE,2018,6,193439
NYIS,ISNE,2018,7,342539
NYIS,ISNE,2018,8,739244
NYIS,ISNE,2018,9,544947
NYIS,ISNE,2018,10,1312120
NYIS,ISNE,2018,11,1322554
NYIS,ISNE,2018,12,1405452
NYIS,PJM,2018,1,957949
NYIS,PJM,2018,2,616752
NYIS,PJM,2018,3,184431
NYIS,PJM,2018,4,414101
NYIS,PJM,2018,5,169655
NYIS,PJM,2018,6,288835
NYIS,PJM,2018,7,998069
NYIS,PJM,2018,8,1294145
NYIS,PJM,2018,9,1011990
NYIS,PJM,2018,10,283052
NYIS,PJM,2018,11,513669
NYIS,PJM,2018,12,770261
OVEC,LGEE,2018,1,2082
OVEC,LGEE,2018,2,34138
OVEC,LGEE,2018,3,61021
OVEC,LGEE,2018,4,16389
OVEC,LGEE,2018,5,12244
OVEC,LGEE,2018,6,11503
OVEC,LGEE,2018,7,1731
OVEC,LGEE,2018,8,927
OVEC,LGEE,2018,9,1858
OVEC,LGEE,2018,10,3950
OVEC,LGEE,2018,11,13918
OVEC,PJM,2018,1,1490299
OVEC,PJM,2018,2,1017148
OVEC,PJM,2018,3,1115396
OVEC,PJM,2018,4,1066021
OVEC,PJM,2018,5,873855
OVEC,PJM,2018,6,1128619
OVEC,PJM,2018,7,1372373
OVEC,PJM,2018,8,1338012
OVEC,PJM,2018,9,1053965
OVEC,PJM,2018,10,928457
OVEC,PJM,2018,11,1204586
OVEC,PJM,2018,12,10340
PACE,AZPS,2018,1,343675
PACE,AZPS,2018,2,166666
PACE,AZPS,2018,3,109929
PACE,AZPS,2018,4,71087
PACE,AZPS,2018,5,185567
PACE,AZPS,2018,6,319093
PACE,AZPS,2018,7,365099
PACE,AZPS,2018,8,379849
PACE,AZPS,2018,9,345856
PACE,AZPS,2018,10,303238
PACE,AZPS,2018,11,220605
PACE,AZPS,2018,12,225832
PACE,IPCO,2018,1,450422
PACE,IPCO,2018,2,314266
PACE,IPCO,2018,3,245270
PACE,IPCO,2018,4,80949
PACE,IPCO,2018,5,47507
PACE,IPCO,2018,6,94115
PACE,IPCO,2018,7,334987
PACE,IPCO,2018,8,616332
PACE,IPCO,2018,9,625931
PACE,IPCO,2018,10,885037
PACE,IPCO,2018,11,941169
PACE,IPCO,2018,12,1161714
PACE,LDWP,2018,1,191269
PACE,LDWP,2018,2,129134
PACE,LDWP,2018,3,145536
PACE,LDWP,2018,4,106662
PACE,LDWP,2018,5,101448
PACE,LDWP,2018,6,84025
PACE,LDWP,2018,7,120606
PACE,LDWP,2018,8,154770
PACE,LDWP,2018,9,130083
PACE,LDWP,2018,10,119808
PACE,LDWP,2018,11,132513
PACE,LDWP,2018,12,136926
PACE,NEVP,2018,1,218070
PACE,NEVP,2018,2,141210
PACE,NEVP,2018,3,132788
PACE,NEVP,2018,4,130780
PACE,NEVP,2018,5,81502
PACE,NEVP,2018,6,146313
PACE,NEVP,2018,7,256151
PACE,NEVP,2018,8,267857
PACE,NEVP,2018,9,197013
PACE,NEVP,2018,10,177127
PACE,NEVP,2018,11,205220
PACE,NEVP,2018,12,285404
PACE,NWMT,2018,1,3337
PACE,NWMT,2018,2,1402
PACE,NWMT,2018,3,945
PACE,NWMT,2018,4,722
PACE,NWMT,2018,5,10
PACE,NWMT,2018,6,55
PACE,NWMT,2018,7,3774
PACE,NWMT,2018,8,7007
PACE,NWMT,2018,9,10523
PACE,NWMT,2018,10,8662
PACE,NWMT,2018,11,41181
PACE,NWMT,2018,12,44116
PACE,WACM,2018,1,139366
PACE,WACM,2018,2,81587
PACE,WACM,2018,3,23795
PACE,WACM,2018,4,18983
PACE,WACM,2018,5,730
PACE,WACM,2018,6,9282
PACE,WACM,2018,8,59
PACE,WACM,2018,9,3362
PACE,WACM,2018,10,11240
PACE,WACM,2018,11,743
PACE,WACM,2018,12,126
PACW,AVA,2018,1,35456
PACW,AVA,2018,2,41704
PACW,AVA,2018,3,27619
PACW,AVA,2018,4,30576
PACW,AVA,2018,5,4035
PACW,AVA,2018,6,5564
PACW,AVA,2018,7,5061
PACW,AVA,2018,8,13224
PACW,AVA,2018,9,12515
PACW,AVA,2018,10,14190
PACW,AVA,2018,11,32378
PACW,AVA,2018,12,33477
PACW,BPAT,2018,1,85
PACW,BPAT,2018,4,641
PACW,CISO,2018,1,40759
PACW,CISO,2018,2,36454
PACW,CISO,2018,3,35983
PACW,CISO,2018,4,28910
PACW,CISO,2018,5,28177
PACW,CISO,2018,6,17590
PACW,CISO,2018,7,8686
PACW,CISO,2018,8,10336
PACW,CISO,2018,9,1584
PACW,GCPD,2018,3,1104
PACW,GCPD,2018,4,605
PACW,GCPD,2018,9,549
PACW,GCPD,2018,10,2277
PACW,GCPD,2018,11,10242
PACW,GCPD,2018,12,3621
PACW,IPCO,2018,1,439
PACW,IPCO,2018,2,2965
PACW,IPCO,2018,3,588
PACW,IPCO,2018,4,10901
PACW,IPCO,2018,5,153727
PACW,IPCO,2018,6,186235
PACW,IPCO,2018,7,218199
PACW,IPCO,2018,8,60259
PACW,IPCO,2018,9,3422
PACW,IPCO,2018,10,949
PACW,PACE,2018,1,714969
PACW,PACE,2018,2,535172
PACW,PACE,2018,3,621981
PACW,PACE,2018,4,396445
PACW,PACE,2018,5,347572
PACW,PACE,2018,6,514902
PACW,PACE,2018,7,799930
PACW,PACE,2018,8,841783
PACW,PACE,2018,9,690515
PACW,PACE,2018,10,850948
PACW,PACE,2018,11,832080
PACW,PACE,2018,12,917394
PACW,PGE,2018,1,142088
PACW,PGE,2018,2,142212
PACW,PGE,2018,3,203856
PACW,PGE,2018,4,153559
PACW,PGE,2018,5,127492
PACW,PGE,2018,6,75709
PACW,PGE,2018,7,63927
PACW,PGE,2018,8,35174
PACW,PGE,2018,9,123346
PACW,PGE,2018,10,64852
PACW,PGE,2018,11,74560
PACW,PGE,2018,12,61105
PGE,PACW,2018,6,30
PGE,PACW,2018,8,1070
PGE,PACW,2018,12,737
PJM,CPLE,2018,1,464822
PJM,CPLE,2018,2,503060
PJM,CPLE,2018,3,788413
PJM,CPLE,2018,4,609825
PJM,CPLE,2018,5,324419
PJM,CPLE,2018,6,268130
PJM,CPLE,2018,7,393921
PJM,CPLE,2018,8,474681
PJM,CPLE,2018,9,338139
PJM,CPLE,2018,10,278928
PJM,CPLE,2018,11,437791
PJM,CPLE,2018,12,250403
PJM,CPLW,2018,1,103511
PJM,CPLW,2018,2,60467
PJM,CPLW,2018,3,85160
PJM,CPLW,2018,4,67093
PJM,CPLW,2018,5,81602
PJM,CPLW,2018,6,91571
PJM,CPLW,2018,7,102600
PJM,CPLW,2018,8,94132
PJM,CPLW,2018,9,89510
PJM,CPLW,2018,10,52715
PJM,CPLW,2018,11,88545
PJM,CPLW,2018,12,103330
PJM,DUK,2018,1,237829
PJM,DUK,2018,2,394600
PJM,DUK,2018,3,28757
PJM,DUK,2018,4,9972
PJM,DUK,2018,5,387179
PJM,DUK,2018,6,293003
PJM,DUK,2018,7,282600
PJM,DUK,2018,8,283155
PJM,DUK,2018,9,144555
PJM,DUK,2018,10,425135
PJM,DUK,2018,11,358000
PJM,DUK,2018,12,261808
PJM,LGEE,2018,1,780656
PJM,LGEE,2018,2,265977
PJM,LGEE,2018,3,410590
PJM,LGEE,2018,4,456436
PJM,LGEE,2018,5,427708
PJM,LGEE,2018,6,456379
PJM,LGEE,2018,7,445621
PJM,LGEE,2018,8,382893
PJM,LGEE,2018,9,207024
PJM,LGEE,2018,10,347841
PJM,LGEE,2018,11,367426
PJM,LGEE,2018,12,365001
PJM,MISO,2018,1,1156750
PJM,MISO,2018,2,1474780
PJM,MISO,2018,3,846714
PJM,MISO,2018,4,697350
PJM,MISO,2018,5,1979454
PJM,MISO,2018,6,1955216
PJM,MISO,2018,7,1932373
PJM,MISO,2018,8,2235626
PJM,MISO,2018,9,1641304
PJM,MISO,2018,10,2717497
PJM,MISO,2018,11,2244902
PJM,MISO,2018,12,2840843
PJM,NYIS,2018,1,1136455
PJM,NYIS,2018,2,1178020
PJM,NYIS,2018,3,1012875
PJM,NYIS,2018,4,1024997
PJM,NYIS,2018,5,710594
PJM,NYIS,2018,6,835870
PJM,NYIS,2018,7,1341645
PJM,NYIS,2018,8,1633326
PJM,NYIS,2018,9,1533598
PJM,NYIS,2018,10,1044789
PJM,NYIS,2018,11,850943
PJM,NYIS,2018,12,1316604
PJM,OVEC,2018,1,575346
PJM,OVEC,2018,2,322140
PJM,OVEC,2018,3,383817
PJM,OVEC,2018,4,438436
PJM,OVEC,2018,5,466860
PJM,OVEC,2018,6,443398
PJM,OVEC,2018,7,485150
PJM,OVEC,2018,8,484554
PJM,OVEC,2018,9,503793
PJM,OVEC,2018,10,401035
PJM,OVEC,2018,11,388810
PJM,OVEC,2018,12,7238
PJM,TVA,2018,1,466096
PJM,TVA,2018,2,670176
PJM,TVA,2018,3,817953
PJM,TVA,2018,4,943648
PJM,TVA,2018,5,629340
PJM,TVA,2018,6,247179
PJM,TVA,2018,7,399685
PJM,TVA,2018,8,384261
PJM,TVA,2018,9,264436
PJM,TVA,2018,10,183983
PJM,TVA,2018,11,257545
PJM,TVA,2018,12,439212
PNM,AZPS,2018,1,11029
PNM,AZPS,2018,2,40362
PNM,AZPS,2018,3,47216
PNM,AZPS,2018,4,28029
PNM,AZPS,2018,5,4744
PNM,AZPS,2018,6,84
PNM,AZPS,2018,7,19
PNM,AZPS,2018,8,3273
PNM,AZPS,2018,9,1199
PNM,AZPS,2018,10,7503
PNM,AZPS,2018,11,12599
PNM,AZPS,2018,12,24480
PNM,EPE,2018,1,201830
PNM,EPE,2018,2,154119
PNM,EPE,2018,3,150187
PNM,EPE,2018,4,211260
PNM,EPE,2018,5,241552
PNM,EPE,2018,6,280238
PNM,EPE,2018,7,290237
PNM,EPE,2018,8,310132
PNM,EPE,2018,9,270001
PNM,EPE,2018,10,109661
PNM,EPE,2018,11,239563
PNM,EPE,2018,12,219256
PNM,GRID,2018,1,170
PNM,GRID,2018,2,120
PNM,GRID,2018,3,47
PNM,GRID,2018,4,91
PNM,GRID,2018,5,66
PNM,GRID,2018,6,39
PNM,GRID,2018,7,147
PNM,GRID,2018,8,142
PNM,GRID,2018,9,95
PNM,GRID,2018,10,123
PNM,GRID,2018,11,144
PNM,GRID,2018,12,189
PNM,SWPP,2018,1,9077
PNM,SWPP,2018,2,10894
PNM,SWPP,2018,3,14196
PNM,SWPP,2018,4,6135
PNM,SWPP,2018,5,9345
PNM,SWPP,2018,6,6270
PNM,SWPP,2018,7,2524
PNM,SWPP,2018,8,3272
PNM,SWPP,2018,9,8780
PNM,SWPP,2018,10,2066
PNM,SWPP,2018,11,11442
PNM,SWPP,2018,12,12116
PNM,TEPC,2018,1,97354
PNM,TEPC,2018,2,9455
PNM,TEPC,2018,3,37418
PNM,TEPC,2018,4,56179
PNM,TEPC,2018,5,58109
PNM,TEPC,2018,6,97800
PNM,TEPC,2018,7,127487
PNM,TEPC,2018,8,166582
PNM,TEPC,2018,9,113140
PNM,TEPC,2018,10,108910
PNM,TEPC,2018,11,104910
PNM,TEPC,2018,12,185763
PNM,WACM,2018,1,104525
PNM,WACM,2018,2,145762
PNM,WACM,2018,3,234250
PNM,WACM,2018,4,81752
PNM,WACM,2018,5,115308
PNM,WACM,2018,6,28118
PNM,WACM,2018,7,9888
PNM,WACM,2018,8,26962
PNM,WACM,2018,9,64898
PNM,WACM,2018,10,125859
PNM,WACM,2018,11,170918
PNM,WACM,2018,12,103159
PSCO,PNM,2018,1,106473
PSCO,PNM,2018,2,87984
PSCO,PNM,2018,3,95707
PSCO,PNM,2018,4,89074
PSCO,PNM,2018,5,80854
PSCO,PNM,2018,6,85524
PSCO,PNM,2018,7,109383
PSCO,PNM,2018,8,103383
PSCO,PNM,2018,9,89587
PSCO,PNM,2018,10,87358
PSCO,PNM,2018,11,87842
PSCO,PNM,2018,12,106578
PSCO,SWPP,2018,1,8299
PSCO,SWPP,2018,3,14
PSCO,SWPP,2018,4,3445
PSCO,SWPP,2018,5,10820
PSCO,SWPP,2018,6,4581
PSCO,SWPP,2018,7,3733
PSCO,SWPP,2018,8,1570
PSCO,SWPP,2018,9,4446
PSCO,SWPP,2018,10,12363
PSCO,SWPP,2018,11,15229
PSCO,SWPP,2018,12,13520
PSCO,WACM,2018,5,334
PSEI,CHPD,2018,1,69105
PSEI,CHPD,2018,2,51549
PSEI,CHPD,2018,3,49153
PSEI,CHPD,2018,4,53781
PSEI,CHPD,2018,5,55824
PSEI,CHPD,2018,6,75808
PSEI,CHPD,2018,12,34289
PSEI,GCPD,2018,1,121079
PSEI,GCPD,2018,2,216103
PSEI,GCPD,2018,3,170536
PSEI,GCPD,2018,4,183534
PSEI,GCPD,2018,5,107086
PSEI,GCPD,2018,6,183615
PSEI,GCPD,2018,7,54556
PSEI,GCPD,2018,8,72934
PSEI,GCPD,2018,9,55892
PSEI,GCPD,2018,10,43980
PSEI,GCPD,2018,11,65109
PSEI,GCPD,2018,12,107117
PSEI,SCL,2018,1,2436
PSEI,SCL,2018,2,2692
PSEI,SCL,2018,3,8179
PSEI,SCL,2018,4,911
PSEI,SCL,2018,5,14644
PSEI,SCL,2018,6,46315
PSEI,SCL,2018,7,24055
PSEI,SCL,2018,8,31462
PSEI,SCL,2018,9,14281
PSEI,SCL,2018,10,28078
PSEI,SCL,2018,11,58219
PSEI,SCL,2018,12,16443
PSEI,TPWR,2018,1,16
PSEI,TPWR,2018,5,7646
PSEI,TPWR,2018,6,1518
PSEI,TPWR,2018,9,895
SC,CPLE,2018,1,22286
SC,CPLE,2018,2,4051
SC,CPLE,2018,3,7640
SC,CPLE,2018,4,6592
SC,CPLE,2018,5,3830
SC,CPLE,2018,6,17808
SC,CPLE,2018,7,8307
SC,CPLE,2018,8,12316
SC,CPLE,2018,9,4897
SC,CPLE,2018,10,41360
SC,CPLE,2018,11,64367
SC,CPLE,2018,12,10274
SC,DUK,2018,1,294433
SC,DUK,2018,2,239591
SC,DUK,2018,3,366860
SC,DUK,2018,4,303123
SC,DUK,2018,5,179042
SC,DUK,2018,6,314083
SC,DUK,2018,7,731601
SC,DUK,2018,8,747977
SC,DUK,2018,9,518938
SC,DUK,2018,10,371517
SC,DUK,2018,11,430250
SC,DUK,2018,12,639110
SC,SCEG,2018,1,561
SC,SCEG,2018,5,65
SC,SEPA,2018,1,39369
SC,SEPA,2018,2,34016
SC,SEPA,2018,3,7763
SC,SEPA,2018,4,22232
SC,SEPA,2018,5,29385
SC,SEPA,2018,6,48934
SC,SEPA,2018,7,119819
SC,SEPA,2018,8,80178
SC,SEPA,2018,9,130444
SC,SEPA,2018,10,75185
SC,SEPA,2018,11,31854
SC,SEPA,2018,12,29179
SC,SOCO,2018,9,966
SC,SOCO,2018,10,14018
SCEG,CPLE,2018,1,147048
SCEG,CPLE,2018,2,70425
SCEG,CPLE,2018,3,125828
SCEG,CPLE,2018,4,90626
SCEG,CPLE,2018,5,97560
SCEG,CPLE,2018,6,101702
SCEG,CPLE,2018,7,80635
SCEG,CPLE,2018,8,99165
SCEG,CPLE,2018,9,82932
SCEG,CPLE,2018,10,94541
SCEG,CPLE,2018,11,127665
SCEG,CPLE,2018,12,78683
SCEG,DUK,2018,1,69359
SCEG,DUK,2018,2,85194
SCEG,DUK,2018,3,84491
SCEG,DUK,2018,4,140505
SCEG,DUK,2018,5,82861
SCEG,DUK,2018,6,9286
SCEG,DUK,2018,7,23085
SCEG,DUK,2018,8,23760
SCEG,DUK,2018,9,8396
SCEG,DUK,2018,10,76
SCEG,DUK,2018,11,10869
SCEG,DUK,2018,12,146078
SCEG,SC,2018,1,353066
SCEG,SC,2018,2,416627
SCEG,SC,2018,3,673614
SCEG,SC,2018,4,500160
SCEG,SC,2018,5,478758
SCEG,SC,2018,6,797749
SCEG,SC,2018,7,973219
SCEG,SC,2018,8,972469
SCEG,SC,2018,9,883137
SCEG,SC,2018,10,579877
SCEG,SC,2018,11,438159
SCEG,SC,2018,12,704034
SCEG,SEPA,2018,1,39576
SCEG,SEPA,2018,2,23322
SCEG,SEPA,2018,3,1395
SCEG,SEPA,2018,4,17536
SCEG,SEPA,2018,5,28155
SCEG,SEPA,2018,6,9248
SCEG,SEPA,2018,7,19695
SCEG,SEPA,2018,8,19991
SCEG,SEPA,2018,9,12405
SCEG,SEPA,2018,10,33567
SCEG,SEPA,2018,11,28843
SCEG,SEPA,2018,12,3380
SCL,BPAT,2018,4,895
SCL,BPAT,2018,5,53673
SCL,BPAT,2018,6,152444
SCL,BPAT,2018,7,9077
SCL,BPAT,2018,8,21
SCL,BPAT,2018,10,306
SCL,PSEI,2018,1,26045
SCL,PSEI,2018,2,37826
SCL,PSEI,2018,3,22180
SCL,PSEI,2018,4,39196
SCL,PSEI,2018,5,13326
SCL,PSEI,2018,6,3465
SCL,PSEI,2018,7,13655
SCL,PSEI,2018,8,6009
SCL,PSEI,2018,9,5597
SCL,PSEI,2018,10,5901
SCL,PSEI,2018,11,1110
SCL,PSEI,2018,12,13011
SEC,FPC,2018,1,324647
SEC,FPC,2018,2,236786
SEC,FPC,2018,3,282293
SEC,FPC,2018,4,264808
SEC,FPC,2018,5,273072
SEC,FPC,2018,6,285387
SEC,FPC,2018,7,331867
SEC,FPC,2018,8,324124
SEC,FPC,2018,9,333084
SEC,FPC,2018,10,291828
SEC,FPC,2018,11,216514
SEC,FPC,2018,12,228512
SEC,FPL,2018,1,783419
SEC,FPL,2018,2,470301
SEC,FPL,2018,3,423375
SEC,FPL,2018,4,545620
SEC,FPL,2018,5,511588
SEC,FPL,2018,6,569638
SEC,FPL,2018,7,681416
SEC,FPL,2018,8,736553
SEC,FPL,2018,9,751775
SEC,FPL,2018,10,682478
SEC,FPL,2018,11,817976
SEC,FPL,2018,12,1012630
SEC,JEA,2018,1,5000
SEC,JEA,2018,2,4783
SEC,JEA,2018,3,1115
SEC,JEA,2018,4,2580
SEC,JEA,2018,5,1157
SEC,JEA,2018,6,83
SEC,JEA,2018,7,14
SEC,JEA,2018,8,154
SEC,JEA,2018,9,24
SEC,JEA,2018,10,44
SEC,JEA,2018,11,1850
SEC,JEA,2018,12,25846
SEC,TEC,2018,1,40266
SEC,TEC,2018,2,26872
SEC,TEC,2018,3,12629
SEC,TEC,2018,4,50437
SEC,TEC,2018,5,96691
SEC,TEC,2018,6,63045
SEC,TEC,2018,7,48071
SEC,TEC,2018,8,65877
SEC,TEC,2018,9,44933
SEC,TEC,2018,10,38659
SEC,TEC,2018,11,6947
SEC,TEC,2018,12,11060
SEPA,DUK,2018,1,18232
SEPA,DUK,2018,2,18213
SEPA,DUK,2018,3,13330
SEPA,DUK,2018,4,35967
SEPA,DUK,2018,5,47996
SEPA,DUK,2018,6,49081
SEPA,DUK,2018,7,24407
SEPA,DUK,2018,8,40069
SEPA,DUK,2018,9,12548
SEPA,DUK,2018,10,29442
SEPA,DUK,2018,11,18997
SEPA,DUK,2018,12,57479
SEPA,SC,2018,1,44290
SEPA,SC,2018,2,44818
SEPA,SC,2018,3,35811
SEPA,SC,2018,4,26064
SEPA,SC,2018,5,35071
SEPA,SC,2018,6,36875
SEPA,SC,2018,7,61499
SEPA,SC,2018,8,62978
SEPA,SC,2018,9,52225
SEPA,SC,2018,10,64345
SEPA,SC,2018,11,95138
SEPA,SC,2018,12,115268
SEPA,SCEG,2018,1,721
SEPA,SCEG,2018,2,7077
SEPA,SCEG,2018,3,19635
SEPA,SCEG,2018,4,11667
SEPA,SCEG,2018,5,5142
SEPA,SCEG,2018,6,17947
SEPA,SCEG,2018,7,4686
SEPA,SCEG,2018,8,10343
SEPA,SCEG,2018,9,9956
SEPA,SCEG,2018,10,1521
SEPA,SCEG,2018,11,3078
SEPA,SCEG,2018,12,22741
SEPA,SOCO,2018,1,110662
SEPA,SOCO,2018,2,78549
SEPA,SOCO,2018,3,86138
SEPA,SOCO,2018,4,150892
SEPA,SOCO,2018,5,184707
SEPA,SOCO,2018,6,273119
SEPA,SOCO,2018,7,200677
SEPA,SOCO,2018,8,204838
SEPA,SOCO,2018,9,191582
SEPA,SOCO,2018,10,148355
SEPA,SOCO,2018,11,171148
SEPA,SOCO,2018,12,288149
SOCO,AEC,2018,1,23865
SOCO,AEC,2018,2,29103
SOCO,AEC,2018,3,51814
SOCO,AEC,2018,4,4610
SOCO,AEC,2018,5,17626
SOCO,AEC,2018,6,8421
SOCO,AEC,2018,7,551
SOCO,AEC,2018,9,34455
SOCO,AEC,2018,10,13194
SOCO,AEC,2018,11,23575
SOCO,AEC,2018,12,56816
SOCO,DUK,2018,1,56460
SOCO,DUK,2018,2,44088
SOCO,DUK,2018,3,14312
SOCO,DUK,2018,4,1349
SOCO,DUK,2018,5,51
SOCO,DUK,2018,6,1086
SOCO,DUK,2018,7,4036
SOCO,DUK,2018,8,2298
SOCO,DUK,2018,9,453
SOCO,DUK,2018,10,31808
SOCO,DUK,2018,11,37694
SOCO,DUK,2018,12,53611
SOCO,FPC,2018,1,152990
SOCO,FPC,2018,2,104165
SOCO,FPC,2018,3,111191
SOCO,FPC,2018,4,160335
SOCO,FPC,2018,5,129265
SOCO,FPC,2018,6,205920
SOCO,FPC,2018,7,213846
SOCO,FPC,2018,8,206503
SOCO,FPC,2018,9,204677
SOCO,FPC,2018,10,140258
SOCO,FPC,2018,11,91106
SOCO,FPC,2018,12,53798
SOCO,FPL,2018,1,147219
SOCO,FPL,2018,2,394208
SOCO,FPL,2018,3,213166
SOCO,FPL,2018,4,286830
SOCO,FPL,2018,5,256587
SOCO,FPL,2018,6,976557
SOCO,FPL,2018,7,961462
SOCO,FPL,2018,8,982851
SOCO,FPL,2018,9,1076763
SOCO,FPL,2018,10,954318
SOCO,FPL,2018,11,516104
SOCO,FPL,2018,12,265371
SOCO,MISO,2018,1,770080
SOCO,MISO,2018,2,700413
SOCO,MISO,2018,3,608903
SOCO,MISO,2018,4,659532
SOCO,MISO,2018,5,893918
SOCO,MISO,2018,6,1030527
SOCO,MISO,2018,7,787197
SOCO,MISO,2018,8,668598
SOCO,MISO,2018,9,657233
SOCO,MISO,2018,10,298073
SOCO,MISO,2018,11,402836
SOCO,MISO,2018,12,435145
SOCO,SC,2018,1,475725
SOCO,SC,2018,2,314879
SOCO,SC,2018,3,406271
SOCO,SC,2018,4,623373
SOCO,SC,2018,5,622508
SOCO,SC,2018,6,346639
SOCO,SC,2018,7,740498
SOCO,SC,2018,8,776320
SOCO,SC,2018,9,620244
SOCO,SC,2018,10,361919
SOCO,SC,2018,11,650494
SOCO,SC,2018,12,661637
SOCO,SCEG,2018,1,455610
SOCO,SCEG,2018,2,354157
SOCO,SCEG,2018,3,425615
SOCO,SCEG,2018,4,314325
SOCO,SCEG,2018,5,279678
SOCO,SCEG,2018,6,325972
SOCO,SCEG,2018,7,346244
SOCO,SCEG,2018,8,369443
SOCO,SCEG,2018,9,239819
SOCO,SCEG,2018,10,338718
SOCO,SCEG,2018,11,411331
SOCO,SCEG,2018,12,380383
SOCO,SEPA,2018,1,3801
SOCO,SEPA,2018,2,6893
SOCO,SEPA,2018,3,10
SOCO,SEPA,2018,5,366
SOCO,SEPA,2018,10,165
SOCO,SEPA,2018,11,410
SOCO,SEPA,2018,12,66
SOCO,TAL,2018,1,105537
SOCO,TAL,2018,2,68325
SOCO,TAL,2018,3,90646
SOCO,TAL,2018,4,80680
SOCO,TAL,2018,5,98438
SOCO,TAL,2018,6,130088
SOCO,TAL,2018,7,135313
SOCO,TAL,2018,8,126194
SOCO,TAL,2018,9,123964
SOCO,TAL,2018,10,130933
SOCO,TAL,2018,11,100183
SOCO,TAL,2018,12,86756
SOCO,TVA,2018,1,1757
SOCO,TVA,2018,2,3364
SOCO,TVA,2018,3,1109
SOCO,TVA,2018,4,949
SOCO,TVA,2018,5,2670
SOCO,TVA,2018,6,16429
SOCO,TVA,2018,7,10919
SOCO,TVA,2018,8,2912
SOCO,TVA,2018,9,8243
SOCO,TVA,2018,10,63622
SOCO,TVA,2018,11,67232
SOCO,TVA,2018,12,3255
SPA,AECI,2018,1,137594
SPA,AECI,2018,2,172237
SPA,AECI,2018,3,180259
SPA,AECI,2018,4,161238
SPA,AECI,2018,5,187777
SPA,AECI,2018,6,179444
SPA,AECI,2018,7,171082
SPA,AECI,2018,8,122817
SPA,AECI,2018,9,82968
SPA,AECI,2018,10,125170
SPA,AECI,2018,11,116797
SPA,AECI,2018,12,127415
SPA,MISO,2018,1,440357
SPA,MISO,2018,2,262206
SPA,MISO,2018,3,620011
SPA,MISO,2018,4,369473
SPA,MISO,2018,5,492510
SPA,MISO,2018,6,491577
SPA,MISO,2018,7,266199
SPA,MISO,2018,8,226771
SPA,MISO,2018,9,354948
SPA,MISO,2018,10,313968
SPA,MISO,2018,11,311341
SPA,MISO,2018,12,437465
SPA,SWPP,2018,1,31660
SPA,SWPP,2018,2,33390
SPA,SWPP,2018,3,188712
SPA,SWPP,2018,4,174695
SPA,SWPP,2018,5,105740
SPA,SWPP,2018,6,111112
SPA,SWPP,2018,7,63424
SPA,SWPP,2018,8,87353
SPA,SWPP,2018,9,126762
SPA,SWPP,2018,10,221027
SPA,SWPP,2018,11,188635
SPA,SWPP,2018,12,131719
SPC,SWPP,2018,1,7614
SPC,SWPP,2018,2,19080
SPC,SWPP,2018,3,13705
SPC,SWPP,2018,4,8474
SPC,SWPP,2018,5,28480
SPC,SWPP,2018,6,14719
SPC,SWPP,2018,7,7087
SPC,SWPP,2018,8,5168
SPC,SWPP,2018,9,4446
SPC,SWPP,2018,10,6645
SPC,SWPP,2018,11,4520
SPC,SWPP,2018,12,8766
SRP,AZPS,2018,2,26039
SRP,AZPS,2018,3,1758
SRP,AZPS,2018,4,217483
SRP,AZPS,2018,5,477101
SRP,AZPS,2018,6,562051
SRP,AZPS,2018,7,1574331
SRP,AZPS,2018,8,3480264
SRP,AZPS,2018,9,3442167
SRP,AZPS,2018,10,2720563
SRP,AZPS,2018,11,2047033
SRP,AZPS,2018,12,2540300
SRP,CISO,2018,1,1018931
SRP,CISO,2018,2,813572
SRP,CISO,2018,3,746371
SRP,CISO,2018,4,472139
SRP,CISO,2018,5,635574
SRP,CISO,2018,6,750812
SRP,CISO,2018,7,1193007
SRP,CISO,2018,8,1431520
SRP,CISO,2018,9,1595315
SRP,CISO,2018,10,1657729
SRP,CISO,2018,11,1252320
SRP,CISO,2018,12,1413243
SRP,DEAA,2018,1,723
SRP,DEAA,2018,2,281
SRP,DEAA,2018,3,843
SRP,DEAA,2018,4,788
SRP,DEAA,2018,5,63619
SRP,DEAA,2018,6,79799
SRP,DEAA,2018,7,215
SRP,DEAA,2018,11,764
SRP,DEAA,2018,12,645
SRP,HGMA,2018,1,882
SRP,HGMA,2018,2,799
SRP,HGMA,2018,3,772
SRP,HGMA,2018,4,579
SRP,HGMA,2018,5,66597
SRP,HGMA,2018,6,83282
SRP,HGMA,2018,7,1036
SRP,HGMA,2018,8,1322
SRP,HGMA,2018,9,688
SRP,HGMA,2018,10,447
SRP,HGMA,2018,11,544
SRP,HGMA,2018,12,525
SRP,TEPC,2018,1,246041
SRP,TEPC,2018,2,169104
SRP,TEPC,2018,3,182529
SRP,TEPC,2018,4,45131
SRP,TEPC,2018,5,395068
SRP,TEPC,2018,6,451897
SRP,TEPC,2018,7,87204
SRP,TEPC,2018,8,140046
SRP,TEPC,2018,9,106081
SRP,TEPC,2018,10,29894
SRP,TEPC,2018,12,5243
SRP,WALC,2018,3,148
SRP,WALC,2018,5,121857
SRP,WALC,2018,6,151020
SRP,WALC,2018,10,371
SRP,WALC,2018,11,16089
SRP,WALC,2018,12,11778
SWPP,AECI,2018,1,760700
SWPP,AECI,2018,2,611332
SWPP,AECI,2018,3,396350
SWPP,AECI,2018,4,272279
SWPP,AECI,2018,5,78260
SWPP,AECI,2018,6,264315
SWPP,AECI,2018,7,183425
SWPP,AECI,2018,8,268401
SWPP,AECI,2018,9,337006
SWPP,AECI,2018,10,256875
SWPP,AECI,2018,11,346187
SWPP,AECI,2018,12,543723
SWPP,EPE,2018,1,363
SWPP,EPE,2018,2,16244
SWPP,EPE,2018,3,7659
SWPP,EPE,2018,4,13955
SWPP,EPE,2018,5,1485
SWPP,EPE,2018,6,4482
SWPP,EPE,2018,7,14579
SWPP,EPE,2018,8,6547
SWPP,EPE,2018,9,6188
SWPP,EPE,2018,10,18958
SWPP,EPE,2018,11,2907
SWPP,EPE,2018,12,5174
SWPP,ERCO,2018,1,135756
SWPP,ERCO,2018,2,70371
SWPP,ERCO,2018,3,113882
SWPP,ERCO,2018,4,164929
SWPP,ERCO,2018,5,343756
SWPP,ERCO,2018,6,480472
SWPP,ERCO,2018,7,606387
SWPP,ERCO,2018,8,669855
SWPP,ERCO,2018,9,593169
SWPP,ERCO,2018,10,184608
SWPP,ERCO,2018,11,141888
SWPP,ERCO,2018,12,137650
SWPP,MISO,2018,1,640388
SWPP,MISO,2018,2,418643
SWPP,MISO,2018,3,905163
SWPP,MISO,2018,4,599720
SWPP,MISO,2018,5,581862
SWPP,MISO,2018,6,518538
SWPP,MISO,2018,7,377223
SWPP,MISO,2018,8,859073
SWPP,MISO,2018,9,1291639
SWPP,MISO,2018,10,662714
SWPP,MISO,2018,11,491696
SWPP,MISO,2018,12,664202
SWPP,PNM,2018,1,3599
SWPP,PNM,2018,2,772
SWPP,PNM,2018,3,1179
SWPP,PNM,2018,4,3249
SWPP,PNM,2018,5,1058
SWPP,PNM,2018,6,4419
SWPP,PNM,2018,7,6654
SWPP,PNM,2018,8,5265
SWPP,PNM,2018,9,2310
SWPP,PNM,2018,10,1152
SWPP,PNM,2018,11,3236
SWPP,PNM,2018,12,2770
SWPP,PSCO,2018,1,5764
SWPP,PSCO,2018,3,458
SWPP,PSCO,2018,4,3145
SWPP,PSCO,2018,5,1890
SWPP,PSCO,2018,6,3800
SWPP,PSCO,2018,7,4038
SWPP,PSCO,2018,8,1341
SWPP,PSCO,2018,9,5478
SWPP,PSCO,2018,10,7758
SWPP,PSCO,2018,11,7668
SWPP,PSCO,2018,12,3524
SWPP,SPA,2018,1,54061
SWPP,SPA,2018,2,42328
SWPP,SPA,2018,3,5
SWPP,SPA,2018,4,781
SWPP,SPA,2018,5,3519
SWPP,SPA,2018,6,2494
SWPP,SPA,2018,7,12984
SWPP,SPA,2018,8,5214
SWPP,SPA,2018,9,4
SWPP,SPA,2018,11,325
SWPP,SPA,2018,12,277
SWPP,SPC,2018,1,18058
SWPP,SPC,2018,2,3454
SWPP,SPC,2018,3,3379
SWPP,SPC,2018,4,7612
SWPP,SPC,2018,5,4150
SWPP,SPC,2018,6,6858
SWPP,SPC,2018,7,617
SWPP,SPC,2018,8,5724
SWPP,SPC,2018,9,10856
SWPP,SPC,2018,10,9483
SWPP,SPC,2018,11,14090
SWPP,SPC,2018,12,2672
SWPP,WACM,2018,1,11200
SWPP,WACM,2018,2,18821
SWPP,WACM,2018,3,29326
SWPP,WACM,2018,4,5662
SWPP,WACM,2018,5,5886
SWPP,WACM,2018,6,3343
SWPP,WACM,2018,7,24521
SWPP,WACM,2018,8,19454
SWPP,WACM,2018,9,24796
SWPP,WACM,2018,10,22455
SWPP,WACM,2018,11,66182
SWPP,WACM,2018,12,62986
SWPP,WAUW,2018,1,437
SWPP,WAUW,2018,2,654
SWPP,WAUW,2018,3,1142
SWPP,WAUW,2018,4,486
SWPP,WAUW,2018,5,89
SWPP,WAUW,2018,6,35
SWPP,WAUW,2018,7,20194
SWPP,WAUW,2018,8,58036
SWPP,WAUW,2018,9,37507
SWPP,WAUW,2018,10,35150
SWPP,WAUW,2018,11,22630
SWPP,WAUW,2018,12,3872
TAL,FPC,2018,1,127261
TAL,FPC,2018,2,104237
TAL,FPC,2018,3,107701
TAL,FPC,2018,4,67350
TAL,FPC,2018,5,117985
TAL,FPC,2018,6,158792
TAL,FPC,2018,7,158143
TAL,FPC,2018,8,156627
TAL,FPC,2018,9,156653
TAL,FPC,2018,10,119910
TAL,FPC,2018,11,142780
TAL,FPC,2018,12,143647
TAL,SOCO,2018,2,19
TEC,FMPP,2018,1,123327
TEC,FMPP,2018,2,19682
TEC,FMPP,2018,3,12956
TEC,FMPP,2018,4,54880
TEC,FMPP,2018,5,133785
TEC,FMPP,2018,6,123409
TEC,FMPP,2018,7,57884
TEC,FMPP,2018,8,60044
TEC,FMPP,2018,9,46125
TEC,FMPP,2018,10,50335
TEC,FMPP,2018,11,50861
TEC,FMPP,2018,12,33693
TEC,FPC,2018,1,92977
TEC,FPC,2018,2,21235
TEC,FPC,2018,3,45220
TEC,FPC,2018,4,136188
TEC,FPC,2018,5,128314
TEC,FPC,2018,6,89890
TEC,FPC,2018,7,104450
TEC,FPC,2018,8,96938
TEC,FPC,2018,9,193077
TEC,FPC,2018,10,122194
TEC,FPC,2018,11,37157
TEC,FPC,2018,12,44088
TEC,FPL,2018,1,133323
TEC,FPL,2018,2,99570
TEC,FPL,2018,3,27319
TEC,FPL,2018,4,64875
TEC,FPL,2018,5,64628
TEC,FPL,2018,6,128243
TEC,FPL,2018,7,106146
TEC,FPL,2018,8,53374
TEC,FPL,2018,9,19177
TEC,FPL,2018,10,28001
TEC,FPL,2018,11,87765
TEC,FPL,2018,12,66051
TEC,SEC,2018,1,26822
TEC,SEC,2018,2,29393
TEC,SEC,2018,3,32024
TEC,SEC,2018,4,19015
TEC,SEC,2018,5,14899
TEC,SEC,2018,6,3727
TEC,SEC,2018,7,23196
TEC,SEC,2018,8,18782
TEC,SEC,2018,9,17824
TEC,SEC,2018,10,35263
TEC,SEC,2018,11,94270
TEC,SEC,2018,12,73812
TEPC,AZPS,2018,1,167
TEPC,EPE,2018,1,108572
TEPC,EPE,2018,2,99880
TEPC,EPE,2018,3,221572
TEPC,EPE,2018,4,67605
TEPC,EPE,2018,5,199937
TEPC,EPE,2018,6,216921
TEPC,EPE,2018,7,112605
TEPC,EPE,2018,8,96415
TEPC,EPE,2018,9,77041
TEPC,EPE,2018,10,252984
TEPC,EPE,2018,11,16982
TEPC,EPE,2018,12,40021
TEPC,PNM,2018,1,153807
TEPC,PNM,2018,2,167287
TEPC,PNM,2018,3,109483
TEPC,PNM,2018,4,48358
TEPC,PNM,2018,5,49973
TEPC,PNM,2018,6,29719
TEPC,PNM,2018,7,18427
TEPC,PNM,2018,8,15053
TEPC,PNM,2018,9,43360
TEPC,PNM,2018,10,57098
TEPC,PNM,2018,11,20265
TEPC,PNM,2018,12,33900
TEPC,SRP,2018,1,90715
TEPC,SRP,2018,2,16740
TEPC,SRP,2018,3,32717
TEPC,SRP,2018,4,200279
TEPC,SRP,2018,5,99209
TEPC,SRP,2018,6,89895
TEPC,SRP,2018,7,234946
TEPC,SRP,2018,8,822851
TEPC,SRP,2018,9,806079
TEPC,SRP,2018,10,706739
TEPC,SRP,2018,11,1156753
TEPC,SRP,2018,12,1119271
TEPC,WALC,2018,3,2
TEPC,WALC,2018,4,192
TEPC,WALC,2018,5,322
TIDC,BANC,2018,1,20083
TIDC,BANC,2018,2,43856
TIDC,BANC,2018,3,43419
TIDC,BANC,2018,4,56494
TIDC,BANC,2018,5,63651
TIDC,BANC,2018,6,65267
TIDC,BANC,2018,7,18638
TIDC,BANC,2018,8,15038
TIDC,BANC,2018,9,59002
TIDC,BANC,2018,10,121217
TIDC,BANC,2018,11,108203
TIDC,BANC,2018,12,87509
TIDC,CISO,2018,1,30832
TIDC,CISO,2018,2,4983
TIDC,CISO,2018,3,20595
TIDC,CISO,2018,4,13553
TIDC,CISO,2018,5,7834
TIDC,CISO,2018,6,14182
TIDC,CISO,2018,7,72671
TIDC,CISO,2018,8,89310
TIDC,CISO,2018,9,15792
TIDC,CISO,2018,10,127
TIDC,CISO,2018,11,100
TIDC,CISO,2018,12,2889
TPWR,BPAT,2018,1,3842
TPWR,BPAT,2018,2,2994
TPWR,BPAT,2018,5,1284
TPWR,PSEI,2018,1,37161
TPWR,PSEI,2018,2,28366
TPWR,PSEI,2018,3,35305
TPWR,PSEI,2018,4,29193
TPWR,PSEI,2018,5,3280
TPWR,PSEI,2018,6,10756
TPWR,PSEI,2018,7,23057
TPWR,PSEI,2018,8,30909
TPWR,PSEI,2018,9,34212
TPWR,PSEI,2018,10,31159
TPWR,PSEI,2018,11,29221
TPWR,PSEI,2018,12,47494
TVA,CPLW,2018,1,64988
TVA,CPLW,2018,2,46430
TVA,CPLW,2018,3,42939
TVA,CPLW,2018,4,25312
TVA,CPLW,2018,5,20238
TVA,CPLW,2018,6,17160
TVA,CPLW,2018,7,7793
TVA,CPLW,2018,8,22841
TVA,CPLW,2018,9,29073
TVA,CPLW,2018,10,19229
TVA,CPLW,2018,11,20903
TVA,CPLW,2018,12,27853
TVA,DUK,2018,1,180578
TVA,DUK,2018,2,129376
TVA,DUK,2018,3,110241
TVA,DUK,2018,4,34161
TVA,DUK,2018,5,67627
TVA,DUK,2018,6,71625
TVA,DUK,2018,7,77819
TVA,DUK,2018,8,84431
TVA,DUK,2018,9,83346
TVA,DUK,2018,10,67977
TVA,DUK,2018,11,79903
TVA,DUK,2018,12,98076
TVA,EEI,2018,1,36
TVA,EEI,2018,3,3074
TVA,EEI,2018,4,2731
TVA,EEI,2018,5,729
TVA,EEI,2018,6,77
TVA,EEI,2018,7,2214
TVA,EEI,2018,8,1042
TVA,EEI,2018,9,1536
TVA,EEI,2018,10,22574
TVA,EEI,2018,11,10622
TVA,EEI,2018,12,5926
TVA,LGEE,2018,1,49115
TVA,LGEE,2018,2,222345
TVA,LGEE,2018,3,166121
TVA,LGEE,2018,4,225326
TVA,LGEE,2018,5,427338
TVA,LGEE,2018,6,298933
TVA,LGEE,2018,7,349840
TVA,LGEE,2018,8,456862
TVA,LGEE,2018,9,286173
TVA,LGEE,2018,10,264808
TVA,LGEE,2018,11,389770
TVA,LGEE,2018,12,356925
TVA,MISO,2018,1,10159
TVA,MISO,2018,4,638
TVA,MISO,2018,5,6696
TVA,MISO,2018,6,63780
TVA,MISO,2018,7,19655
TVA,MISO,2018,8,7397
TVA,MISO,2018,9,901
TVA,MISO,2018,11,1551
TVA,MISO,2018,12,13776
TVA,PJM,2018,1,550448
TVA,PJM,2018,2,867077
TVA,PJM,2018,3,1062513
TVA,PJM,2018,4,955144
TVA,PJM,2018,5,796824
TVA,PJM,2018,6,492193
TVA,PJM,2018,7,383894
TVA,PJM,2018,8,734601
TVA,PJM,2018,9,596523
TVA,PJM,2018,10,837637
TVA,PJM,2018,11,688352
TVA,PJM,2018,12,633166
TVA,SOCO,2018,1,1194542
TVA,SOCO,2018,2,639871
TVA,SOCO,2018,3,688140
TVA,SOCO,2018,4,452179
TVA,SOCO,2018,5,477816
TVA,SOCO,2018,6,360905
TVA,SOCO,2018,7,443365
TVA,SOCO,2018,8,595976
TVA,SOCO,2018,9,588767
TVA,SOCO,2018,10,243982
TVA,SOCO,2018,11,309154
TVA,SOCO,2018,12,629625
WACM,AZPS,2018,1,229555
WACM,AZPS,2018,2,282728
WACM,AZPS,2018,3,276827
WACM,AZPS,2018,4,144647
WACM,AZPS,2018,5,73687
WACM,AZPS,2018,6,49226
WACM,AZPS,2018,7,56040
WACM,AZPS,2018,8,159160
WACM,AZPS,2018,9,78143
WACM,AZPS,2018,10,43328
WACM,AZPS,2018,11,78854
WACM,AZPS,2018,12,141444
WACM,PACE,2018,1,148396
WACM,PACE,2018,2,157064
WACM,PACE,2018,3,337302
WACM,PACE,2018,4,239469
WACM,PACE,2018,5,372902
WACM,PACE,2018,6,326699
WACM,PACE,2018,7,536928
WACM,PACE,2018,8,470906
WACM,PACE,2018,9,376573
WACM,PACE,2018,10,240625
WACM,PACE,2018,11,498184
WACM,PACE,2018,12,667767
WACM,PNM,2018,1,10556
WACM,PNM,2018,2,3253
WACM,PNM,2018,3,6192
WACM,PNM,2018,4,38521
WACM,PNM,2018,5,29042
WACM,PNM,2018,6,127903
WACM,PNM,2018,7,191169
WACM,PNM,2018,8,134928
WACM,PNM,2018,9,92328
WACM,PNM,2018,10,41326
WACM,PNM,2018,11,5035
WACM,PNM,2018,12,4324
WACM,PSCO,2018,1,1068491
WACM,PSCO,2018,2,856483
WACM,PSCO,2018,3,678711
WACM,PSCO,2018,4,798932
WACM,PSCO,2018,5,738148
WACM,PSCO,2018,6,1032792
WACM,PSCO,2018,7,1129700
WACM,PSCO,2018,8,1003499
WACM,PSCO,2018,9,1007312
WACM,PSCO,2018,10,1062576
WACM,PSCO,2018,11,1057356
WACM,PSCO,2018,12,1011502
WACM,SWPP,2018,1,82798
WACM,SWPP,2018,2,53448
WACM,SWPP,2018,3,20357
WACM,SWPP,2018,4,61627
WACM,SWPP,2018,5,93688
WACM,SWPP,2018,6,15892
WACM,SWPP,2018,7,28068
WACM,SWPP,2018,8,31541
WACM,SWPP,2018,9,15037
WACM,SWPP,2018,10,11481
WACM,SWPP,2018,11,6017
WACM,SWPP,2018,12,7797
WACM,WALC,2018,1,342206
WACM,WALC,2018,2,283729
WACM,WALC,2018,3,306098
WACM,WALC,2018,4,275171
WACM,WALC,2018,5,247825
WACM,WALC,2018,6,307419
WACM,WALC,2018,7,367198
WACM,WALC,2018,8,377542
WACM,WALC,2018,9,284530
WACM,WALC,2018,10,258064
WACM,WALC,2018,11,201184
WACM,WALC,2018,12,234151
WACM,WAUW,2018,1,4859
WACM,WAUW,2018,2,5343
WACM,WAUW,2018,3,8974
WACM,WAUW,2018,4,15032
WACM,WAUW,2018,5,3538
WACM,WAUW,2018,6,12946
WACM,WAUW,2018,7,12577
WACM,WAUW,2018,8,4665
WACM,WAUW,2018,9,3053
WACM,WAUW,2018,10,1046
WACM,WAUW,2018,11,5702
WACM,WAUW,2018,12,1426
WALC,AZPS,2018,7,35465
WALC,AZPS,2018,8,158678
WALC,AZPS,2018,9,77895
WALC,AZPS,2018,10,43328
WALC,AZPS,2018,11,59526
WALC,CISO,2018,1,47234
WALC,CISO,2018,2,43071
WALC,CISO,2018,3,72605
WALC,CISO,2018,4,74244
WALC,CISO,2018,5,89020
WALC,CISO,2018,6,74497
WALC,CISO,2018,7,44190
WALC,CISO,2018,8,55230
WALC,CISO,2018,9,62771
WALC,CISO,2018,10,108126
WALC,CISO,2018,11,57042
WALC,CISO,2018,12,59475
WALC,GRIF,2018,1,891
WALC,GRIF,2018,2,555
WALC,GRIF,2018,3,1072
WALC,GRIF,2018,4,1161
WALC,GRIF,2018,5,963
WALC,GRIF,2018,6,17
WALC,GRIF,2018,10,34
WALC,IID,2018,1,5801
WALC,IID,2018,2,3143
WALC,IID,2018,3,3550
WALC,IID,2018,4,707
WALC,IID,2018,5,1272
WALC,IID,2018,6,2204
WALC,IID,2018,7,8702
WALC,IID,2018,8,23504
WALC,IID,2018,9,14388
WALC,IID,2018,10,1588
WALC,IID,2018,11,2984
WALC,IID,2018,12,11739
WALC,LDWP,2018,1,1179638
WALC,LDWP,2018,2,858033
WALC,LDWP,2018,3,825419
WALC,LDWP,2018,4,521071
WALC,LDWP,2018,5,436660
WALC,LDWP,2018,6,430146
WALC,LDWP,2018,7,588353
WALC,LDWP,2018,8,751453
WALC,LDWP,2018,9,1039861
WALC,LDWP,2018,10,1070865
WALC,LDWP,2018,11,1081261
WALC,LDWP,2018,12,1311262
WALC,NEVP,2018,3,1957
WALC,NEVP,2018,4,7555
WALC,NEVP,2018,5,28009
WALC,NEVP,2018,6,41823
WALC,NEVP,2018,7,29767
WALC,NEVP,2018,8,33127
WALC,NEVP,2018,9,1399
WALC,NEVP,2018,10,950
WALC,NEVP,2018,11,1371
WALC,NEVP,2018,12,3929
WALC,SRP,2018,1,205267
WALC,SRP,2018,2,158453
WALC,SRP,2018,3,118616
WALC,SRP,2018,4,265354
WALC,SRP,2018,5,337188
WALC,SRP,2018,6,412522
WALC,SRP,2018,7,228439
WALC,SRP,2018,8,428363
WALC,SRP,2018,9,315239
WALC,SRP,2018,10,204862
WALC,SRP,2018,11,93606
WALC,SRP,2018,12,182115
WALC,TEPC,2018,1,164731
WALC,TEPC,2018,2,134202
WALC,TEPC,2018,3,113340
WALC,TEPC,2018,4,101859
WALC,TEPC,2018,5,149018
WALC,TEPC,2018,6,196567
WALC,TEPC,2018,7,145597
WALC,TEPC,2018,8,119417
WALC,TEPC,2018,9,120331
WALC,TEPC,2018,10,89651
WALC,TEPC,2018,11,99105
WALC,TEPC,2018,12,224055
WAUW,NWMT,2018,1,401
WAUW,NWMT,2018,3,113
WAUW,NWMT,2018,4,643
WAUW,NWMT,2018,5,267
WAUW,NWMT,2018,6,51
WAUW,NWMT,2018,7,9399
WAUW,NWMT,2018,8,27322
WAUW,NWMT,2018,9,10855
WAUW,NWMT,2018,10,15675
WAUW,NWMT,2018,11,9565
WAUW,NWMT,2018,12,990
WAUW,SWPP,2018,1,53831
WAUW,SWPP,2018,2,48735
WAUW,SWPP,2018,3,65664
WAUW,SWPP,2018,4,55270
WAUW,SWPP,2018,5,59699
WAUW,SWPP,2018,6,79229
WAUW,SWPP,2018,7,32547
WAUW,SWPP,2018,8,6618
WAUW,SWPP,2018,9,9468
WAUW,SWPP,2018,10,13620
WAUW,SWPP,2018,11,21990
WAUW,SWPP,2018,12,2562
WAUW,WACM,2018,1,23237
WAUW,WACM,2018,2,19802
WAUW,WACM,2018,3,15403
WAUW,WACM,2018,4,13633
WAUW,WACM,2018,5,29908
WAUW,WACM,2018,6,11581
WAUW,WACM,2018,7,12036
WAUW,WACM,2018,8,27047
WAUW,WACM,2018,9,31736
WAUW,WACM,2018,10,26453
WAUW,WACM,2018,11,17092
WAUW,WACM,2018,12,37380
WWA,NWMT,2018,1,97291
WWA,NWMT,2018,2,59202
WWA,NWMT,2018,3,43107
WWA,NWMT,2018,4,52004
WWA,NWMT,2018,5,43885
WWA,NWMT,2018,6,54794
WWA,NWMT,2018,7,35053
WWA,NWMT,2018,8,41009
WWA,NWMT,2018,9,27251
WWA,NWMT,2018,10,54684
WWA,NWMT,2018,11,78997
WWA,NWMT,2018,12,82052
YAD,CPLE,2018,1,13039
YAD,CPLE,2018,2,5994
YAD,CPLE,2018,3,27208
YAD,CPLE,2018,4,43607
YAD,CPLE,2018,5,27360
YAD,CPLE,2018,6,16671
YAD,CPLE,2018,7,7501
YAD,CPLE,2018,8,21742
YAD,CPLE,2018,9,33960
YAD,CPLE,2018,10,32484
YAD,CPLE,2018,11,23058
YAD,CPLE,2018,12,5633
YAD,DUK,2018,1,43030
YAD,DUK,2018,2,82773
YAD,DUK,2018,3,107429
YAD,DUK,2018,4,117154
YAD,DUK,2018,5,170934
YAD,DUK,2018,6,117387
YAD,DUK,2018,7,85396
YAD,DUK,2018,8,148539
YAD,DUK,2018,9,124077
YAD,DUK,2018,10,150415
YAD,DUK,2018,11,100513
YAD,DUK,2018,12,121024
